0 verbose cli C:\Program Files\nodejs\node.exe C:\Program Files\nodejs\node_modules\npm\bin\npm-cli.js
1 info using npm@11.19.0
2 info using node@v24.20.0
3 silly config load:file:C:\Program Files\nodejs\node_modules\npm\npmrc
4 silly config load:file:C:\Users\ERONIX\Documents\Codex\2026-08-28\build-x20\.npmrc
5 silly config load:file:C:\Users\ERONIX\.npmrc
6 silly config load:file:C:\Users\ERONIX\AppData\Roaming\npm\etc\npmrc
7 verbose title npm install
8 verbose argv "install"
9 verbose logfile logs-max:10 dir:C:\Users\ERONIX\Documents\Codex\2026-08-28\build-x20\work\npm-cache\_logs\2026-08-28T16_35_23_399Z-
10 verbose logfile C:\Users\ERONIX\Documents\Codex\2026-08-28\build-x20\work\npm-cache\_logs\2026-08-28T16_35_23_399Z-debug-0.log
11 silly logfile done cleaning log files
12 silly packumentCache heap:4496293888 maxSize:1124073472 maxEntrySize:562036736
13 silly idealTree buildDeps
14 silly fetch manifest concurrently@^9.1.2
15 silly packumentCache full:https://registry.npmjs.org/concurrently cache-miss
16 http fetch GET 200 https://registry.npmjs.org/concurrently 233ms (cache miss)
17 silly packumentCache full:https://registry.npmjs.org/concurrently set size:undefined disposed:false
18 silly placeDep ROOT concurrently@9.2.4 OK for:  want: ^9.1.2
19 silly placeDep ROOT storescore-api@ OK for:  want: file:C:\Users\ERONIX\Documents\Codex\2026-08-28\build-x20\server
20 silly placeDep ROOT storescore-client@ OK for:  want: file:C:\Users\ERONIX\Documents\Codex\2026-08-28\build-x20\client
21 silly fetch manifest rxjs@7.8.2
22 silly packumentCache full:https://registry.npmjs.org/rxjs cache-miss
23 silly fetch manifest chalk@4.1.2
24 silly packumentCache full:https://registry.npmjs.org/chalk cache-miss
25 silly fetch manifest yargs@17.7.2
26 silly packumentCache full:https://registry.npmjs.org/yargs cache-miss
27 silly fetch manifest tree-kill@1.2.2
28 silly packumentCache full:https://registry.npmjs.org/tree-kill cache-miss
29 silly fetch manifest shell-quote@1.9.0
30 silly packumentCache full:https://registry.npmjs.org/shell-quote cache-miss
31 silly fetch manifest supports-color@8.1.1
32 silly packumentCache full:https://registry.npmjs.org/supports-color cache-miss
33 http fetch GET 200 https://registry.npmjs.org/npm 486ms
34 http fetch GET 200 https://registry.npmjs.org/rxjs 163ms (cache miss)
35 silly packumentCache full:https://registry.npmjs.org/rxjs set size:undefined disposed:false
36 http fetch GET 200 https://registry.npmjs.org/tree-kill 225ms (cache miss)
37 silly packumentCache full:https://registry.npmjs.org/tree-kill set size:undefined disposed:false
38 http fetch GET 200 https://registry.npmjs.org/shell-quote 229ms (cache miss)
39 silly packumentCache full:https://registry.npmjs.org/shell-quote set size:undefined disposed:false
40 http fetch GET 200 https://registry.npmjs.org/chalk 262ms (cache miss)
41 silly packumentCache full:https://registry.npmjs.org/chalk set size:undefined disposed:false
42 http fetch GET 200 https://registry.npmjs.org/supports-color 287ms (cache miss)
43 silly packumentCache full:https://registry.npmjs.org/supports-color set size:undefined disposed:false
44 http fetch GET 200 https://registry.npmjs.org/yargs 324ms (cache miss)
45 silly packumentCache full:https://registry.npmjs.org/yargs set size:undefined disposed:false
46 silly placeDep ROOT chalk@4.1.2 OK for: concurrently@9.2.4 want: 4.1.2
47 silly placeDep ROOT rxjs@7.8.2 OK for: concurrently@9.2.4 want: 7.8.2
48 silly placeDep ROOT shell-quote@1.9.0 OK for: concurrently@9.2.4 want: 1.9.0
49 silly placeDep ROOT supports-color@8.1.1 OK for: concurrently@9.2.4 want: 8.1.1
50 silly placeDep ROOT tree-kill@1.2.2 OK for: concurrently@9.2.4 want: 1.2.2
51 silly placeDep ROOT yargs@17.7.2 OK for: concurrently@9.2.4 want: 17.7.2
52 silly fetch manifest ansi-styles@^4.1.0
53 silly packumentCache full:https://registry.npmjs.org/ansi-styles cache-miss
54 silly fetch manifest supports-color@^7.1.0
55 silly packumentCache full:https://registry.npmjs.org/supports-color cache-miss
56 silly fetch manifest tslib@^2.1.0
57 silly packumentCache full:https://registry.npmjs.org/tslib cache-miss
58 silly fetch manifest has-flag@^4.0.0
59 silly packumentCache full:https://registry.npmjs.org/has-flag cache-miss
60 silly fetch manifest y18n@^5.0.5
61 silly packumentCache full:https://registry.npmjs.org/y18n cache-miss
62 silly fetch manifest cliui@^8.0.1
63 silly packumentCache full:https://registry.npmjs.org/cliui cache-miss
64 silly fetch manifest escalade@^3.1.1
65 silly packumentCache full:https://registry.npmjs.org/escalade cache-miss
66 http cache https://registry.npmjs.org/supports-color 42ms (cache hit)
67 silly packumentCache full:https://registry.npmjs.org/supports-color set size:124169 disposed:false
68 silly fetch manifest string-width@^4.2.3
69 silly packumentCache full:https://registry.npmjs.org/string-width cache-miss
70 http fetch GET 200 https://registry.npmjs.org/ansi-styles 126ms (cache miss)
71 silly packumentCache full:https://registry.npmjs.org/ansi-styles set size:undefined disposed:false
72 silly fetch manifest yargs-parser@^21.1.1
73 silly packumentCache full:https://registry.npmjs.org/yargs-parser cache-miss
74 http fetch GET 200 https://registry.npmjs.org/has-flag 130ms (cache miss)
75 silly packumentCache full:https://registry.npmjs.org/has-flag set size:undefined disposed:false
76 silly fetch manifest get-caller-file@^2.0.5
77 silly packumentCache full:https://registry.npmjs.org/get-caller-file cache-miss
78 http fetch GET 200 https://registry.npmjs.org/escalade 133ms (cache miss)
79 silly packumentCache full:https://registry.npmjs.org/escalade set size:undefined disposed:false
80 silly fetch manifest require-directory@^2.1.1
81 silly packumentCache full:https://registry.npmjs.org/require-directory cache-miss
82 http fetch GET 200 https://registry.npmjs.org/tslib 140ms (cache miss)
83 silly packumentCache full:https://registry.npmjs.org/tslib set size:undefined disposed:false
84 http fetch GET 200 https://registry.npmjs.org/y18n 150ms (cache miss)
85 silly packumentCache full:https://registry.npmjs.org/y18n set size:undefined disposed:false
86 http fetch GET 200 https://registry.npmjs.org/string-width 113ms (cache miss)
87 silly packumentCache full:https://registry.npmjs.org/string-width set size:undefined disposed:false
88 http fetch GET 200 https://registry.npmjs.org/cliui 166ms (cache miss)
89 silly packumentCache full:https://registry.npmjs.org/cliui set size:undefined disposed:false
90 http fetch GET 200 https://registry.npmjs.org/yargs-parser 86ms (cache miss)
91 silly packumentCache full:https://registry.npmjs.org/yargs-parser set size:undefined disposed:false
92 http fetch GET 200 https://registry.npmjs.org/require-directory 86ms (cache miss)
93 silly packumentCache full:https://registry.npmjs.org/require-directory set size:undefined disposed:false
94 http fetch GET 200 https://registry.npmjs.org/get-caller-file 93ms (cache miss)
95 silly packumentCache full:https://registry.npmjs.org/get-caller-file set size:undefined disposed:false
96 silly placeDep ROOT ansi-styles@4.3.0 OK for: chalk@4.1.2 want: ^4.1.0
97 silly placeDep node_modules/chalk supports-color@7.2.0 OK for: chalk@4.1.2 want: ^7.1.0
98 silly fetch manifest color-convert@^2.0.1
99 silly packumentCache full:https://registry.npmjs.org/color-convert cache-miss
100 http fetch GET 200 https://registry.npmjs.org/color-convert 74ms (cache miss)
101 silly packumentCache full:https://registry.npmjs.org/color-convert set size:undefined disposed:false
102 silly placeDep ROOT color-convert@2.0.1 OK for: ansi-styles@4.3.0 want: ^2.0.1
103 silly fetch manifest color-name@~1.1.4
104 silly packumentCache full:https://registry.npmjs.org/color-name cache-miss
105 http fetch GET 200 https://registry.npmjs.org/color-name 73ms (cache miss)
106 silly packumentCache full:https://registry.npmjs.org/color-name set size:undefined disposed:false
107 silly placeDep ROOT color-name@1.1.4 OK for: color-convert@2.0.1 want: ~1.1.4
108 silly placeDep ROOT tslib@2.8.1 OK for: rxjs@7.8.2 want: ^2.1.0
109 silly placeDep ROOT has-flag@4.0.0 OK for: supports-color@8.1.1 want: ^4.0.0
110 silly placeDep ROOT cliui@8.0.1 OK for: yargs@17.7.2 want: ^8.0.1
111 silly placeDep ROOT escalade@3.2.0 OK for: yargs@17.7.2 want: ^3.1.1
112 silly placeDep ROOT get-caller-file@2.0.5 OK for: yargs@17.7.2 want: ^2.0.5
113 silly placeDep ROOT require-directory@2.1.1 OK for: yargs@17.7.2 want: ^2.1.1
114 silly placeDep ROOT string-width@4.2.3 OK for: yargs@17.7.2 want: ^4.2.3
115 silly placeDep ROOT y18n@5.0.8 OK for: yargs@17.7.2 want: ^5.0.5
116 silly placeDep ROOT yargs-parser@21.1.1 OK for: yargs@17.7.2 want: ^21.1.1
117 silly fetch manifest wrap-ansi@^7.0.0
118 silly packumentCache full:https://registry.npmjs.org/wrap-ansi cache-miss
119 silly fetch manifest strip-ansi@^6.0.1
120 silly packumentCache full:https://registry.npmjs.org/strip-ansi cache-miss
121 silly fetch manifest string-width@^4.2.0
122 silly packumentCache full:https://registry.npmjs.org/string-width cache-miss
123 silly fetch manifest strip-ansi@^6.0.1
124 silly packumentCache full:https://registry.npmjs.org/strip-ansi cache-miss
125 silly fetch manifest emoji-regex@^8.0.0
126 silly packumentCache full:https://registry.npmjs.org/emoji-regex cache-miss
127 silly fetch manifest is-fullwidth-code-point@^3.0.0
128 silly packumentCache full:https://registry.npmjs.org/is-fullwidth-code-point cache-miss
129 http cache https://registry.npmjs.org/string-width 30ms (cache hit)
130 silly packumentCache full:https://registry.npmjs.org/string-width set size:72458 disposed:false
131 http fetch GET 200 https://registry.npmjs.org/strip-ansi 80ms (cache miss)
132 silly packumentCache full:https://registry.npmjs.org/strip-ansi set size:undefined disposed:false
133 http fetch GET 200 https://registry.npmjs.org/strip-ansi 88ms (cache miss)
134 silly packumentCache full:https://registry.npmjs.org/strip-ansi set size:undefined disposed:false
135 http fetch GET 200 https://registry.npmjs.org/wrap-ansi 94ms (cache miss)
136 silly packumentCache full:https://registry.npmjs.org/wrap-ansi set size:undefined disposed:false
137 http fetch GET 200 https://registry.npmjs.org/is-fullwidth-code-point 94ms (cache miss)
138 silly packumentCache full:https://registry.npmjs.org/is-fullwidth-code-point set size:undefined disposed:false
139 http fetch GET 200 https://registry.npmjs.org/emoji-regex 315ms (cache miss)
140 silly packumentCache full:https://registry.npmjs.org/emoji-regex set size:undefined disposed:false
141 silly placeDep ROOT strip-ansi@6.0.1 OK for: cliui@8.0.1 want: ^6.0.1
142 silly placeDep ROOT wrap-ansi@7.0.0 OK for: cliui@8.0.1 want: ^7.0.0
143 silly fetch manifest ansi-regex@^5.0.1
144 silly packumentCache full:https://registry.npmjs.org/ansi-regex cache-miss
145 http fetch GET 200 https://registry.npmjs.org/ansi-regex 78ms (cache miss)
146 silly packumentCache full:https://registry.npmjs.org/ansi-regex set size:undefined disposed:false
147 silly placeDep ROOT emoji-regex@8.0.0 OK for: string-width@4.2.3 want: ^8.0.0
148 silly placeDep ROOT is-fullwidth-code-point@3.0.0 OK for: string-width@4.2.3 want: ^3.0.0
149 silly placeDep ROOT ansi-regex@5.0.1 OK for: strip-ansi@6.0.1 want: ^5.0.1
150 silly fetch manifest @vitejs/plugin-react@^4.3.4
151 silly packumentCache full:https://registry.npmjs.org/@vitejs%2fplugin-react cache-miss
152 http fetch GET 200 https://registry.npmjs.org/@vitejs%2fplugin-react 94ms (cache miss)
153 silly packumentCache full:https://registry.npmjs.org/@vitejs%2fplugin-react set size:undefined disposed:false
154 silly fetch manifest vite@^6.0.5
155 silly packumentCache full:https://registry.npmjs.org/vite cache-miss
156 http fetch GET 200 https://registry.npmjs.org/vite 1544ms (cache miss)
157 silly packumentCache full:https://registry.npmjs.org/vite set size:undefined disposed:false
158 silly fetch manifest @types/node@^18.0.0 || ^20.0.0 || >=22.0.0
159 silly packumentCache full:https://registry.npmjs.org/@types%2fnode cache-miss
160 http fetch GET 200 https://registry.npmjs.org/@types%2fnode 353ms (cache miss)
161 silly packumentCache full:https://registry.npmjs.org/@types%2fnode set size:undefined disposed:false
162 silly fetch manifest jiti@>=1.21.0
163 silly packumentCache full:https://registry.npmjs.org/jiti cache-miss
164 http fetch GET 200 https://registry.npmjs.org/jiti 84ms (cache miss)
165 silly packumentCache full:https://registry.npmjs.org/jiti set size:undefined disposed:false
166 silly fetch manifest less@*
167 silly packumentCache full:https://registry.npmjs.org/less cache-miss
168 http fetch GET 200 https://registry.npmjs.org/less 89ms (cache miss)
169 silly packumentCache full:https://registry.npmjs.org/less set size:undefined disposed:false
170 silly fetch manifest lightningcss@^1.21.0
171 silly packumentCache full:https://registry.npmjs.org/lightningcss cache-miss
172 http fetch GET 200 https://registry.npmjs.org/lightningcss 70ms (cache miss)
173 silly packumentCache full:https://registry.npmjs.org/lightningcss set size:undefined disposed:false
174 silly fetch manifest sass@*
175 silly packumentCache full:https://registry.npmjs.org/sass cache-miss
176 http fetch GET 200 https://registry.npmjs.org/sass 136ms (cache miss)
177 silly packumentCache full:https://registry.npmjs.org/sass set size:undefined disposed:false
178 silly fetch manifest sass-embedded@*
179 silly packumentCache full:https://registry.npmjs.org/sass-embedded cache-miss
180 http fetch GET 200 https://registry.npmjs.org/sass-embedded 90ms (cache miss)
181 silly packumentCache full:https://registry.npmjs.org/sass-embedded set size:undefined disposed:false
182 silly fetch manifest stylus@*
183 silly packumentCache full:https://registry.npmjs.org/stylus cache-miss
184 http fetch GET 200 https://registry.npmjs.org/stylus 69ms (cache miss)
185 silly packumentCache full:https://registry.npmjs.org/stylus set size:undefined disposed:false
186 silly fetch manifest sugarss@*
187 silly packumentCache full:https://registry.npmjs.org/sugarss cache-miss
188 http fetch GET 200 https://registry.npmjs.org/sugarss 56ms (cache miss)
189 silly packumentCache full:https://registry.npmjs.org/sugarss set size:undefined disposed:false
190 silly fetch manifest postcss@^8.3.3
191 silly packumentCache full:https://registry.npmjs.org/postcss cache-miss
192 http fetch GET 200 https://registry.npmjs.org/postcss 97ms (cache miss)
193 silly packumentCache full:https://registry.npmjs.org/postcss set size:undefined disposed:false
194 silly fetch manifest terser@^5.16.0
195 silly packumentCache full:https://registry.npmjs.org/terser cache-miss
196 http fetch GET 200 https://registry.npmjs.org/terser 101ms (cache miss)
197 silly packumentCache full:https://registry.npmjs.org/terser set size:undefined disposed:false
198 silly fetch manifest tsx@^4.8.1
199 silly packumentCache full:https://registry.npmjs.org/tsx cache-miss
200 http fetch GET 200 https://registry.npmjs.org/tsx 74ms (cache miss)
201 silly packumentCache full:https://registry.npmjs.org/tsx set size:undefined disposed:false
202 silly fetch manifest yaml@^2.4.2
203 silly packumentCache full:https://registry.npmjs.org/yaml cache-miss
204 http fetch GET 200 https://registry.npmjs.org/yaml 75ms (cache miss)
205 silly packumentCache full:https://registry.npmjs.org/yaml set size:undefined disposed:false
206 silly fetch manifest react@^18.3.1
207 silly packumentCache full:https://registry.npmjs.org/react cache-miss
208 http fetch GET 200 https://registry.npmjs.org/react 338ms (cache miss)
209 silly packumentCache full:https://registry.npmjs.org/react set size:undefined disposed:false
210 silly fetch manifest react-dom@^18.3.1
211 silly packumentCache full:https://registry.npmjs.org/react-dom cache-miss
212 http fetch GET 200 https://registry.npmjs.org/react-dom 246ms (cache miss)
213 silly packumentCache full:https://registry.npmjs.org/react-dom set size:undefined disposed:false
214 silly fetch manifest lucide-react@^0.468.0
215 silly packumentCache full:https://registry.npmjs.org/lucide-react cache-miss
216 http fetch GET 200 https://registry.npmjs.org/lucide-react 128ms (cache miss)
217 silly packumentCache full:https://registry.npmjs.org/lucide-react set size:undefined disposed:false
218 silly placeDep ROOT @vitejs/plugin-react@4.7.0 OK for: client want: ^4.3.4
219 silly placeDep ROOT vite@6.4.3 OK for: @vitejs/plugin-react@4.7.0 want: ^4.2.0 || ^5.0.0 || ^6.0.0 || ^7.0.0
220 silly placeDep ROOT lucide-react@0.468.0 OK for: client want: ^0.468.0
221 silly placeDep ROOT react@18.3.1 OK for: lucide-react@0.468.0 want: ^16.5.1 || ^17.0.0 || ^18.0.0 || ^19.0.0-rc
222 silly placeDep ROOT react-dom@18.3.1 OK for: client want: ^18.3.1
223 silly fetch manifest @babel/core@^7.28.0
224 silly packumentCache full:https://registry.npmjs.org/@babel%2fcore cache-miss
225 silly fetch manifest react-refresh@^0.17.0
226 silly packumentCache full:https://registry.npmjs.org/react-refresh cache-miss
227 silly fetch manifest @types/babel__core@^7.20.5
228 silly packumentCache full:https://registry.npmjs.org/@types%2fbabel__core cache-miss
229 silly fetch manifest @rolldown/pluginutils@1.0.0-beta.27
230 silly packumentCache full:https://registry.npmjs.org/@rolldown%2fpluginutils cache-miss
231 silly fetch manifest @babel/plugin-transform-react-jsx-self@^7.27.1
232 silly packumentCache full:https://registry.npmjs.org/@babel%2fplugin-transform-react-jsx-self cache-miss
233 silly fetch manifest @babel/plugin-transform-react-jsx-source@^7.27.1
234 silly packumentCache full:https://registry.npmjs.org/@babel%2fplugin-transform-react-jsx-source cache-miss
235 silly fetch manifest fdir@^6.4.4
236 silly packumentCache full:https://registry.npmjs.org/fdir cache-miss
237 http fetch GET 200 https://registry.npmjs.org/fdir 93ms (cache miss)
238 silly packumentCache full:https://registry.npmjs.org/fdir set size:undefined disposed:false
239 silly fetch manifest rollup@^4.34.9
240 silly packumentCache full:https://registry.npmjs.org/rollup cache-miss
241 http fetch GET 200 https://registry.npmjs.org/@babel%2fcore 130ms (cache miss)
242 silly packumentCache full:https://registry.npmjs.org/@babel%2fcore set size:undefined disposed:false
243 silly fetch manifest esbuild@^0.25.0
244 silly packumentCache full:https://registry.npmjs.org/esbuild cache-miss
245 http fetch GET 200 https://registry.npmjs.org/@babel%2fplugin-transform-react-jsx-self 319ms (cache miss)
246 silly packumentCache full:https://registry.npmjs.org/@babel%2fplugin-transform-react-jsx-self set size:undefined disposed:false
247 silly fetch manifest postcss@^8.5.3
248 silly packumentCache full:https://registry.npmjs.org/postcss cache-miss
249 http fetch GET 200 https://registry.npmjs.org/esbuild 190ms (cache miss)
250 silly packumentCache full:https://registry.npmjs.org/esbuild set size:undefined disposed:false
251 silly fetch manifest picomatch@^4.0.2
252 silly packumentCache full:https://registry.npmjs.org/picomatch cache-miss
253 http cache https://registry.npmjs.org/postcss 63ms (cache hit)
254 silly packumentCache full:https://registry.npmjs.org/postcss set size:760024 disposed:false
255 silly fetch manifest tinyglobby@^0.2.13
256 silly packumentCache full:https://registry.npmjs.org/tinyglobby cache-miss
257 http fetch GET 200 https://registry.npmjs.org/react-refresh 421ms (cache miss)
258 silly packumentCache full:https://registry.npmjs.org/react-refresh set size:undefined disposed:false
259 silly fetch manifest fsevents@~2.3.3
260 silly packumentCache full:https://registry.npmjs.org/fsevents cache-miss
261 http fetch GET 200 https://registry.npmjs.org/tinyglobby 135ms (cache miss)
262 silly packumentCache full:https://registry.npmjs.org/tinyglobby set size:undefined disposed:false
263 silly fetch manifest loose-envify@^1.1.0
264 silly packumentCache full:https://registry.npmjs.org/loose-envify cache-miss
265 http fetch GET 200 https://registry.npmjs.org/picomatch 188ms (cache miss)
266 silly packumentCache full:https://registry.npmjs.org/picomatch set size:undefined disposed:false
267 silly fetch manifest scheduler@^0.23.2
268 silly packumentCache full:https://registry.npmjs.org/scheduler cache-miss
269 http fetch GET 200 https://registry.npmjs.org/@types%2fbabel__core 588ms (cache miss)
270 silly packumentCache full:https://registry.npmjs.org/@types%2fbabel__core set size:undefined disposed:false
271 silly fetch manifest loose-envify@^1.1.0
272 silly packumentCache full:https://registry.npmjs.org/loose-envify cache-miss
273 http fetch GET 200 https://registry.npmjs.org/@babel%2fplugin-transform-react-jsx-source 599ms (cache miss)
274 silly packumentCache full:https://registry.npmjs.org/@babel%2fplugin-transform-react-jsx-source set size:undefined disposed:false
275 http fetch GET 200 https://registry.npmjs.org/fsevents 111ms (cache miss)
276 silly packumentCache full:https://registry.npmjs.org/fsevents set size:undefined disposed:false
277 http fetch GET 200 https://registry.npmjs.org/@rolldown%2fpluginutils 620ms (cache miss)
278 silly packumentCache full:https://registry.npmjs.org/@rolldown%2fpluginutils set size:undefined disposed:false
279 http fetch GET 200 https://registry.npmjs.org/loose-envify 90ms (cache miss)
280 silly packumentCache full:https://registry.npmjs.org/loose-envify set size:undefined disposed:false
281 http fetch GET 200 https://registry.npmjs.org/loose-envify 65ms (cache miss)
282 silly packumentCache full:https://registry.npmjs.org/loose-envify set size:undefined disposed:false
283 http fetch GET 200 https://registry.npmjs.org/rollup 576ms (cache miss)
284 silly packumentCache full:https://registry.npmjs.org/rollup set size:undefined disposed:false
285 http fetch GET 200 https://registry.npmjs.org/scheduler 265ms (cache miss)
286 silly packumentCache full:https://registry.npmjs.org/scheduler set size:undefined disposed:false
287 silly fetch manifest bcryptjs@^2.4.3
288 silly packumentCache full:https://registry.npmjs.org/bcryptjs cache-miss
289 http fetch GET 200 https://registry.npmjs.org/bcryptjs 61ms (cache miss)
290 silly packumentCache full:https://registry.npmjs.org/bcryptjs set size:undefined disposed:false
291 silly fetch manifest cors@^2.8.5
292 silly packumentCache full:https://registry.npmjs.org/cors cache-miss
293 http fetch GET 200 https://registry.npmjs.org/cors 69ms (cache miss)
294 silly packumentCache full:https://registry.npmjs.org/cors set size:undefined disposed:false
295 silly fetch manifest dotenv@^16.4.7
296 silly packumentCache full:https://registry.npmjs.org/dotenv cache-miss
297 http fetch GET 200 https://registry.npmjs.org/dotenv 72ms (cache miss)
298 silly packumentCache full:https://registry.npmjs.org/dotenv set size:undefined disposed:false
299 silly fetch manifest express@^4.21.2
300 silly packumentCache full:https://registry.npmjs.org/express cache-miss
301 http fetch GET 200 https://registry.npmjs.org/express 131ms (cache miss)
302 silly packumentCache full:https://registry.npmjs.org/express set size:undefined disposed:false
303 silly fetch manifest express-validator@^7.2.0
304 silly packumentCache full:https://registry.npmjs.org/express-validator cache-miss
305 http fetch GET 200 https://registry.npmjs.org/express-validator 549ms (cache miss)
306 silly packumentCache full:https://registry.npmjs.org/express-validator set size:undefined disposed:false
307 silly fetch manifest jsonwebtoken@^9.0.2
308 silly packumentCache full:https://registry.npmjs.org/jsonwebtoken cache-miss
309 http fetch GET 200 https://registry.npmjs.org/jsonwebtoken 67ms (cache miss)
310 silly packumentCache full:https://registry.npmjs.org/jsonwebtoken set size:undefined disposed:false
311 silly fetch manifest mysql2@^3.12.0
312 silly packumentCache full:https://registry.npmjs.org/mysql2 cache-miss
313 http fetch GET 200 https://registry.npmjs.org/mysql2 96ms (cache miss)
314 silly packumentCache full:https://registry.npmjs.org/mysql2 set size:undefined disposed:false
315 silly fetch manifest @types/node@>= 8
316 silly packumentCache full:https://registry.npmjs.org/@types%2fnode cache-miss
317 http cache https://registry.npmjs.org/@types%2fnode 47ms (cache hit)
318 silly packumentCache full:https://registry.npmjs.org/@types%2fnode set size:11096266 disposed:false
319 silly placeDep ROOT bcryptjs@2.4.3 OK for: server want: ^2.4.3
320 silly placeDep ROOT cors@2.8.6 OK for: server want: ^2.8.5
321 silly placeDep ROOT dotenv@16.6.1 OK for: server want: ^16.4.7
322 silly placeDep ROOT express@4.22.2 OK for: server want: ^4.21.2
323 silly placeDep ROOT express-validator@7.3.2 OK for: server want: ^7.2.0
324 silly placeDep ROOT jsonwebtoken@9.0.3 OK for: server want: ^9.0.2
325 silly placeDep ROOT mysql2@3.24.2 OK for: server want: ^3.12.0
326 silly placeDep ROOT @types/node@26.4.0 OK for: mysql2@3.24.2 want: >= 8
327 silly fetch manifest object-assign@^4
328 silly packumentCache full:https://registry.npmjs.org/object-assign cache-miss
329 silly fetch manifest vary@^1
330 silly packumentCache full:https://registry.npmjs.org/vary cache-miss
331 silly fetch manifest qs@~6.15.1
332 silly packumentCache full:https://registry.npmjs.org/qs cache-miss
333 silly fetch manifest depd@2.0.0
334 silly packumentCache full:https://registry.npmjs.org/depd cache-miss
335 silly fetch manifest etag@~1.8.1
336 silly packumentCache full:https://registry.npmjs.org/etag cache-miss
337 silly fetch manifest send@~0.19.0
338 silly packumentCache full:https://registry.npmjs.org/send cache-miss
339 silly fetch manifest vary@~1.1.2
340 silly packumentCache full:https://registry.npmjs.org/vary cache-miss
341 http fetch GET 200 https://registry.npmjs.org/object-assign 83ms (cache miss)
342 silly packumentCache full:https://registry.npmjs.org/object-assign set size:undefined disposed:false
343 silly fetch manifest debug@2.6.9
344 silly packumentCache full:https://registry.npmjs.org/debug cache-miss
345 http fetch GET 200 https://registry.npmjs.org/depd 96ms (cache miss)
346 silly packumentCache full:https://registry.npmjs.org/depd set size:undefined disposed:false
347 silly fetch manifest fresh@~0.5.2
348 silly packumentCache full:https://registry.npmjs.org/fresh cache-miss
349 http fetch GET 200 https://registry.npmjs.org/vary 99ms (cache miss)
350 silly packumentCache full:https://registry.npmjs.org/vary set size:undefined disposed:false
351 silly fetch manifest cookie@~0.7.1
352 silly packumentCache full:https://registry.npmjs.org/cookie cache-miss
353 http fetch GET 200 https://registry.npmjs.org/vary 102ms (cache miss)
354 silly packumentCache full:https://registry.npmjs.org/vary set size:undefined disposed:false
355 silly fetch manifest accepts@~1.3.8
356 silly packumentCache full:https://registry.npmjs.org/accepts cache-miss
357 http fetch GET 200 https://registry.npmjs.org/send 110ms (cache miss)
358 silly packumentCache full:https://registry.npmjs.org/send set size:undefined disposed:false
359 silly fetch manifest methods@~1.1.2
360 silly packumentCache full:https://registry.npmjs.org/methods cache-miss
361 http fetch GET 200 https://registry.npmjs.org/etag 118ms (cache miss)
362 silly packumentCache full:https://registry.npmjs.org/etag set size:undefined disposed:false
363 silly fetch manifest type-is@~1.6.18
364 silly packumentCache full:https://registry.npmjs.org/type-is cache-miss
365 http fetch GET 200 https://registry.npmjs.org/qs 130ms (cache miss)
366 silly packumentCache full:https://registry.npmjs.org/qs set size:undefined disposed:false
367 silly fetch manifest parseurl@~1.3.3
368 silly packumentCache full:https://registry.npmjs.org/parseurl cache-miss
369 http fetch GET 200 https://registry.npmjs.org/debug 83ms (cache miss)
370 silly packumentCache full:https://registry.npmjs.org/debug set size:undefined disposed:false
371 silly fetch manifest statuses@~2.0.1
372 silly packumentCache full:https://registry.npmjs.org/statuses cache-miss
373 http fetch GET 200 https://registry.npmjs.org/fresh 87ms (cache miss)
374 silly packumentCache full:https://registry.npmjs.org/fresh set size:undefined disposed:false
375 silly fetch manifest encodeurl@~2.0.0
376 silly packumentCache full:https://registry.npmjs.org/encodeurl cache-miss
377 http fetch GET 200 https://registry.npmjs.org/accepts 96ms (cache miss)
378 silly packumentCache full:https://registry.npmjs.org/accepts set size:undefined disposed:false
379 silly fetch manifest proxy-addr@~2.0.7
380 silly packumentCache full:https://registry.npmjs.org/proxy-addr cache-miss
381 http fetch GET 200 https://registry.npmjs.org/cookie 105ms (cache miss)
382 silly packumentCache full:https://registry.npmjs.org/cookie set size:undefined disposed:false
383 silly fetch manifest body-parser@~1.20.5
384 silly packumentCache full:https://registry.npmjs.org/body-parser cache-miss
385 http fetch GET 200 https://registry.npmjs.org/type-is 100ms (cache miss)
386 silly packumentCache full:https://registry.npmjs.org/type-is set size:undefined disposed:false
387 silly fetch manifest escape-html@~1.0.3
388 silly packumentCache full:https://registry.npmjs.org/escape-html cache-miss
389 http fetch GET 200 https://registry.npmjs.org/methods 114ms (cache miss)
390 silly packumentCache full:https://registry.npmjs.org/methods set size:undefined disposed:false
391 silly fetch manifest http-errors@~2.0.0
392 silly packumentCache full:https://registry.npmjs.org/http-errors cache-miss
393 http fetch GET 200 https://registry.npmjs.org/parseurl 102ms (cache miss)
394 silly packumentCache full:https://registry.npmjs.org/parseurl set size:undefined disposed:false
395 silly fetch manifest on-finished@~2.4.1
396 silly packumentCache full:https://registry.npmjs.org/on-finished cache-miss
397 http fetch GET 200 https://registry.npmjs.org/statuses 83ms (cache miss)
398 silly packumentCache full:https://registry.npmjs.org/statuses set size:undefined disposed:false
399 silly fetch manifest safe-buffer@5.2.1
400 silly packumentCache full:https://registry.npmjs.org/safe-buffer cache-miss
401 http fetch GET 200 https://registry.npmjs.org/encodeurl 69ms (cache miss)
402 silly packumentCache full:https://registry.npmjs.org/encodeurl set size:undefined disposed:false
403 silly fetch manifest utils-merge@1.0.1
404 silly packumentCache full:https://registry.npmjs.org/utils-merge cache-miss
405 http fetch GET 200 https://registry.npmjs.org/escape-html 69ms (cache miss)
406 silly packumentCache full:https://registry.npmjs.org/escape-html set size:undefined disposed:false
407 silly fetch manifest content-type@~1.0.4
408 silly packumentCache full:https://registry.npmjs.org/content-type cache-miss
409 http fetch GET 200 https://registry.npmjs.org/http-errors 76ms (cache miss)
410 silly packumentCache full:https://registry.npmjs.org/http-errors set size:undefined disposed:false
411 silly fetch manifest finalhandler@~1.3.1
412 silly packumentCache full:https://registry.npmjs.org/finalhandler cache-miss
413 http fetch GET 200 https://registry.npmjs.org/on-finished 83ms (cache miss)
414 silly packumentCache full:https://registry.npmjs.org/on-finished set size:undefined disposed:false
415 silly fetch manifest range-parser@~1.2.1
416 silly packumentCache full:https://registry.npmjs.org/range-parser cache-miss
417 http fetch GET 200 https://registry.npmjs.org/safe-buffer 76ms (cache miss)
418 silly packumentCache full:https://registry.npmjs.org/safe-buffer set size:undefined disposed:false
419 silly fetch manifest serve-static@~1.16.2
420 silly packumentCache full:https://registry.npmjs.org/serve-static cache-miss
421 http fetch GET 200 https://registry.npmjs.org/utils-merge 83ms (cache miss)
422 silly packumentCache full:https://registry.npmjs.org/utils-merge set size:undefined disposed:false
423 silly fetch manifest array-flatten@1.1.1
424 silly packumentCache full:https://registry.npmjs.org/array-flatten cache-miss
425 http fetch GET 200 https://registry.npmjs.org/content-type 71ms (cache miss)
426 silly packumentCache full:https://registry.npmjs.org/content-type set size:undefined disposed:false
427 silly fetch manifest path-to-regexp@~0.1.12
428 silly packumentCache full:https://registry.npmjs.org/path-to-regexp cache-miss
429 http fetch GET 200 https://registry.npmjs.org/finalhandler 75ms (cache miss)
430 silly packumentCache full:https://registry.npmjs.org/finalhandler set size:undefined disposed:false
431 silly fetch manifest setprototypeof@1.2.0
432 silly packumentCache full:https://registry.npmjs.org/setprototypeof cache-miss
433 http fetch GET 200 https://registry.npmjs.org/range-parser 83ms (cache miss)
434 silly packumentCache full:https://registry.npmjs.org/range-parser set size:undefined disposed:false
435 silly fetch manifest cookie-signature@~1.0.6
436 silly packumentCache full:https://registry.npmjs.org/cookie-signature cache-miss
437 http fetch GET 200 https://registry.npmjs.org/array-flatten 68ms (cache miss)
438 silly packumentCache full:https://registry.npmjs.org/array-flatten set size:undefined disposed:false
439 silly fetch manifest merge-descriptors@1.0.3
440 silly packumentCache full:https://registry.npmjs.org/merge-descriptors cache-miss
441 http fetch GET 200 https://registry.npmjs.org/serve-static 83ms (cache miss)
442 silly packumentCache full:https://registry.npmjs.org/serve-static set size:undefined disposed:false
443 silly fetch manifest content-disposition@~0.5.4
444 silly packumentCache full:https://registry.npmjs.org/content-disposition cache-miss
445 http fetch GET 200 https://registry.npmjs.org/setprototypeof 62ms (cache miss)
446 silly packumentCache full:https://registry.npmjs.org/setprototypeof set size:undefined disposed:false
447 silly fetch manifest lodash@^4.18.1
448 silly packumentCache full:https://registry.npmjs.org/lodash cache-miss
449 http fetch GET 200 https://registry.npmjs.org/path-to-regexp 87ms (cache miss)
450 silly packumentCache full:https://registry.npmjs.org/path-to-regexp set size:undefined disposed:false
451 silly fetch manifest validator@~13.15.23
452 silly packumentCache full:https://registry.npmjs.org/validator cache-miss
453 http fetch GET 200 https://registry.npmjs.org/cookie-signature 76ms (cache miss)
454 silly packumentCache full:https://registry.npmjs.org/cookie-signature set size:undefined disposed:false
455 silly fetch manifest ms@^2.1.1
456 silly packumentCache full:https://registry.npmjs.org/ms cache-miss
457 http fetch GET 200 https://registry.npmjs.org/merge-descriptors 78ms (cache miss)
458 silly packumentCache full:https://registry.npmjs.org/merge-descriptors set size:undefined disposed:false
459 silly fetch manifest jws@^4.0.1
460 silly packumentCache full:https://registry.npmjs.org/jws cache-miss
461 http fetch GET 200 https://registry.npmjs.org/content-disposition 74ms (cache miss)
462 silly packumentCache full:https://registry.npmjs.org/content-disposition set size:undefined disposed:false
463 silly fetch manifest semver@^7.5.4
464 silly packumentCache full:https://registry.npmjs.org/semver cache-miss
465 http fetch GET 200 https://registry.npmjs.org/proxy-addr 316ms (cache miss)
466 silly packumentCache full:https://registry.npmjs.org/proxy-addr set size:undefined disposed:false
467 silly fetch manifest lodash.once@^4.0.0
468 silly packumentCache full:https://registry.npmjs.org/lodash.once cache-miss
469 http fetch GET 200 https://registry.npmjs.org/jws 91ms (cache miss)
470 silly packumentCache full:https://registry.npmjs.org/jws set size:undefined disposed:false
471 silly fetch manifest lodash.includes@^4.3.0
472 silly packumentCache full:https://registry.npmjs.org/lodash.includes cache-miss
473 http fetch GET 200 https://registry.npmjs.org/lodash 136ms (cache miss)
474 silly packumentCache full:https://registry.npmjs.org/lodash set size:undefined disposed:false
475 silly fetch manifest lodash.isnumber@^3.0.3
476 silly packumentCache full:https://registry.npmjs.org/lodash.isnumber cache-miss
477 http fetch GET 200 https://registry.npmjs.org/ms 116ms (cache miss)
478 silly packumentCache full:https://registry.npmjs.org/ms set size:undefined disposed:false
479 silly fetch manifest lodash.isstring@^4.0.1
480 silly packumentCache full:https://registry.npmjs.org/lodash.isstring cache-miss
481 http fetch GET 200 https://registry.npmjs.org/lodash.once 97ms (cache miss)
482 silly packumentCache full:https://registry.npmjs.org/lodash.once set size:undefined disposed:false
483 silly fetch manifest lodash.isboolean@^3.0.3
484 silly packumentCache full:https://registry.npmjs.org/lodash.isboolean cache-miss
485 http fetch GET 200 https://registry.npmjs.org/validator 158ms (cache miss)
486 silly packumentCache full:https://registry.npmjs.org/validator set size:undefined disposed:false
487 silly fetch manifest lodash.isinteger@^4.0.4
488 silly packumentCache full:https://registry.npmjs.org/lodash.isinteger cache-miss
489 http fetch GET 200 https://registry.npmjs.org/semver 126ms (cache miss)
490 silly packumentCache full:https://registry.npmjs.org/semver set size:undefined disposed:false
491 silly fetch manifest lodash.isplainobject@^4.0.6
492 silly packumentCache full:https://registry.npmjs.org/lodash.isplainobject cache-miss
493 http fetch GET 200 https://registry.npmjs.org/lodash.includes 69ms (cache miss)
494 silly packumentCache full:https://registry.npmjs.org/lodash.includes set size:undefined disposed:false
495 silly fetch manifest long@^5.3.2
496 silly packumentCache full:https://registry.npmjs.org/long cache-miss
497 http fetch GET 200 https://registry.npmjs.org/lodash.isnumber 76ms (cache miss)
498 silly packumentCache full:https://registry.npmjs.org/lodash.isnumber set size:undefined disposed:false
499 silly fetch manifest lru.min@^1.1.4
500 silly packumentCache full:https://registry.npmjs.org/lru.min cache-miss
501 http fetch GET 200 https://registry.npmjs.org/lodash.isboolean 75ms (cache miss)
502 silly packumentCache full:https://registry.npmjs.org/lodash.isboolean set size:undefined disposed:false
503 silly fetch manifest iconv-lite@^0.7.3
504 silly packumentCache full:https://registry.npmjs.org/iconv-lite cache-miss
505 http fetch GET 200 https://registry.npmjs.org/lodash.isinteger 72ms (cache miss)
506 silly packumentCache full:https://registry.npmjs.org/lodash.isinteger set size:undefined disposed:false
507 silly fetch manifest sql-escaper@^1.5.1
508 silly packumentCache full:https://registry.npmjs.org/sql-escaper cache-miss
509 http fetch GET 200 https://registry.npmjs.org/long 62ms (cache miss)
510 silly packumentCache full:https://registry.npmjs.org/long set size:undefined disposed:false
511 silly fetch manifest aws-ssl-profiles@^1.1.2
512 silly packumentCache full:https://registry.npmjs.org/aws-ssl-profiles cache-miss
513 http fetch GET 200 https://registry.npmjs.org/lru.min 67ms (cache miss)
514 silly packumentCache full:https://registry.npmjs.org/lru.min set size:undefined disposed:false
515 silly fetch manifest generate-function@^2.3.1
516 silly packumentCache full:https://registry.npmjs.org/generate-function cache-miss
517 http fetch GET 200 https://registry.npmjs.org/iconv-lite 71ms (cache miss)
518 silly packumentCache full:https://registry.npmjs.org/iconv-lite set size:undefined disposed:false
519 silly fetch manifest named-placeholders@^1.1.6
520 silly packumentCache full:https://registry.npmjs.org/named-placeholders cache-miss
521 http fetch GET 200 https://registry.npmjs.org/sql-escaper 68ms (cache miss)
522 silly packumentCache full:https://registry.npmjs.org/sql-escaper set size:undefined disposed:false
523 silly fetch manifest undici-types@~8.3.0
524 silly packumentCache full:https://registry.npmjs.org/undici-types cache-miss
525 http fetch GET 200 https://registry.npmjs.org/aws-ssl-profiles 62ms (cache miss)
526 silly packumentCache full:https://registry.npmjs.org/aws-ssl-profiles set size:undefined disposed:false
527 http fetch GET 200 https://registry.npmjs.org/generate-function 71ms (cache miss)
528 silly packumentCache full:https://registry.npmjs.org/generate-function set size:undefined disposed:false
529 http fetch GET 200 https://registry.npmjs.org/named-placeholders 76ms (cache miss)
530 silly packumentCache full:https://registry.npmjs.org/named-placeholders set size:undefined disposed:false
531 http fetch GET 200 https://registry.npmjs.org/undici-types 76ms (cache miss)
532 silly packumentCache full:https://registry.npmjs.org/undici-types set size:undefined disposed:false
533 http fetch GET 200 https://registry.npmjs.org/lodash.isstring 306ms (cache miss)
534 silly packumentCache full:https://registry.npmjs.org/lodash.isstring set size:undefined disposed:false
535 http fetch GET 200 https://registry.npmjs.org/lodash.isplainobject 311ms (cache miss)
536 silly packumentCache full:https://registry.npmjs.org/lodash.isplainobject set size:undefined disposed:false
537 http fetch GET 200 https://registry.npmjs.org/body-parser 757ms (cache miss)
538 silly packumentCache full:https://registry.npmjs.org/body-parser set size:undefined disposed:false
539 silly placeDep ROOT undici-types@8.3.0 OK for: @types/node@26.4.0 want: ~8.3.0
540 silly placeDep ROOT @babel/core@7.29.7 OK for: @vitejs/plugin-react@4.7.0 want: ^7.28.0
541 silly placeDep ROOT @babel/plugin-transform-react-jsx-self@7.29.7 OK for: @vitejs/plugin-react@4.7.0 want: ^7.27.1
542 silly placeDep ROOT @babel/plugin-transform-react-jsx-source@7.29.7 OK for: @vitejs/plugin-react@4.7.0 want: ^7.27.1
543 silly placeDep ROOT @rolldown/pluginutils@1.0.0-beta.27 OK for: @vitejs/plugin-react@4.7.0 want: 1.0.0-beta.27
544 silly placeDep ROOT @types/babel__core@7.20.5 OK for: @vitejs/plugin-react@4.7.0 want: ^7.20.5
545 silly placeDep ROOT react-refresh@0.17.0 OK for: @vitejs/plugin-react@4.7.0 want: ^0.17.0
546 silly fetch manifest debug@^4.1.0
547 silly packumentCache full:https://registry.npmjs.org/debug cache-miss
548 silly fetch manifest json5@^2.2.3
549 silly packumentCache full:https://registry.npmjs.org/json5 cache-miss
550 silly fetch manifest semver@^6.3.1
551 silly packumentCache full:https://registry.npmjs.org/semver cache-miss
552 silly fetch manifest gensync@^1.0.0-beta.2
553 silly packumentCache full:https://registry.npmjs.org/gensync cache-miss
554 silly fetch manifest @babel/types@^7.29.7
555 silly packumentCache full:https://registry.npmjs.org/@babel%2ftypes cache-miss
556 silly fetch manifest @babel/parser@^7.29.7
557 silly packumentCache full:https://registry.npmjs.org/@babel%2fparser cache-miss
558 silly fetch manifest @babel/helpers@^7.29.7
559 silly packumentCache full:https://registry.npmjs.org/@babel%2fhelpers cache-miss
560 http cache https://registry.npmjs.org/semver 24ms (cache hit)
561 silly packumentCache full:https://registry.npmjs.org/semver set size:246069 disposed:false
562 silly fetch manifest @babel/template@^7.29.7
563 silly packumentCache full:https://registry.npmjs.org/@babel%2ftemplate cache-miss
564 http cache https://registry.npmjs.org/debug 32ms (cache hit)
565 silly packumentCache full:https://registry.npmjs.org/debug set size:195840 disposed:false
566 silly fetch manifest @babel/traverse@^7.29.7
567 silly packumentCache full:https://registry.npmjs.org/@babel%2ftraverse cache-miss
568 http fetch GET 200 https://registry.npmjs.org/json5 64ms (cache miss)
569 silly packumentCache full:https://registry.npmjs.org/json5 set size:undefined disposed:false
570 silly fetch manifest @babel/generator@^7.29.7
571 silly packumentCache full:https://registry.npmjs.org/@babel%2fgenerator cache-miss
572 http fetch GET 200 https://registry.npmjs.org/gensync 93ms (cache miss)
573 silly packumentCache full:https://registry.npmjs.org/gensync set size:undefined disposed:false
574 silly fetch manifest @babel/code-frame@^7.29.7
575 silly packumentCache full:https://registry.npmjs.org/@babel%2fcode-frame cache-miss
576 http fetch GET 200 https://registry.npmjs.org/@babel%2ftypes 139ms (cache miss)
577 silly packumentCache full:https://registry.npmjs.org/@babel%2ftypes set size:undefined disposed:false
578 silly fetch manifest convert-source-map@^2.0.0
579 silly packumentCache full:https://registry.npmjs.org/convert-source-map cache-miss
580 http fetch GET 200 https://registry.npmjs.org/@babel%2fhelpers 152ms (cache miss)
581 silly packumentCache full:https://registry.npmjs.org/@babel%2fhelpers set size:undefined disposed:false
582 silly fetch manifest @jridgewell/remapping@^2.3.5
583 silly packumentCache full:https://registry.npmjs.org/@jridgewell%2fremapping cache-miss
584 http fetch GET 200 https://registry.npmjs.org/@babel%2ftemplate 145ms (cache miss)
585 silly packumentCache full:https://registry.npmjs.org/@babel%2ftemplate set size:undefined disposed:false
586 silly fetch manifest @babel/helper-module-transforms@^7.29.7
587 silly packumentCache full:https://registry.npmjs.org/@babel%2fhelper-module-transforms cache-miss
588 http fetch GET 200 https://registry.npmjs.org/@babel%2fparser 191ms (cache miss)
589 silly packumentCache full:https://registry.npmjs.org/@babel%2fparser set size:undefined disposed:false
590 silly fetch manifest @babel/helper-compilation-targets@^7.29.7
591 silly packumentCache full:https://registry.npmjs.org/@babel%2fhelper-compilation-targets cache-miss
592 http fetch GET 200 https://registry.npmjs.org/@babel%2ftraverse 175ms (cache miss)
593 silly packumentCache full:https://registry.npmjs.org/@babel%2ftraverse set size:undefined disposed:false
594 silly fetch manifest @babel/helper-plugin-utils@^7.29.7
595 silly packumentCache full:https://registry.npmjs.org/@babel%2fhelper-plugin-utils cache-miss
596 http fetch GET 200 https://registry.npmjs.org/@babel%2fcode-frame 134ms (cache miss)
597 silly packumentCache full:https://registry.npmjs.org/@babel%2fcode-frame set size:undefined disposed:false
598 silly fetch manifest @babel/helper-plugin-utils@^7.29.7
599 silly packumentCache full:https://registry.npmjs.org/@babel%2fhelper-plugin-utils cache-miss
600 http fetch GET 200 https://registry.npmjs.org/convert-source-map 93ms (cache miss)
601 silly packumentCache full:https://registry.npmjs.org/convert-source-map set size:undefined disposed:false
602 silly fetch manifest @babel/types@^7.20.7
603 silly packumentCache full:https://registry.npmjs.org/@babel%2ftypes cache-miss
604 http fetch GET 200 https://registry.npmjs.org/@babel%2fgenerator 179ms (cache miss)
605 silly packumentCache full:https://registry.npmjs.org/@babel%2fgenerator set size:undefined disposed:false
606 silly fetch manifest @babel/parser@^7.20.7
607 silly packumentCache full:https://registry.npmjs.org/@babel%2fparser cache-miss
608 http fetch GET 200 https://registry.npmjs.org/@jridgewell%2fremapping 110ms (cache miss)
609 silly packumentCache full:https://registry.npmjs.org/@jridgewell%2fremapping set size:undefined disposed:false
610 silly fetch manifest @types/babel__template@*
611 silly packumentCache full:https://registry.npmjs.org/@types%2fbabel__template cache-miss
612 http cache https://registry.npmjs.org/@babel%2ftypes 50ms (cache hit)
613 silly packumentCache full:https://registry.npmjs.org/@babel%2ftypes set size:502938 disposed:false
614 silly fetch manifest @types/babel__traverse@*
615 silly packumentCache full:https://registry.npmjs.org/@types%2fbabel__traverse cache-miss
616 http cache https://registry.npmjs.org/@babel%2fparser 54ms (cache hit)
617 silly packumentCache full:https://registry.npmjs.org/@babel%2fparser set size:737961 disposed:false
618 silly fetch manifest @types/babel__generator@*
619 silly packumentCache full:https://registry.npmjs.org/@types%2fbabel__generator cache-miss
620 http fetch GET 200 https://registry.npmjs.org/@babel%2fhelper-module-transforms 152ms (cache miss)
621 silly packumentCache full:https://registry.npmjs.org/@babel%2fhelper-module-transforms set size:undefined disposed:false
622 http fetch GET 200 https://registry.npmjs.org/@babel%2fhelper-compilation-targets 140ms (cache miss)
623 silly packumentCache full:https://registry.npmjs.org/@babel%2fhelper-compilation-targets set size:undefined disposed:false
624 http fetch GET 200 https://registry.npmjs.org/@babel%2fhelper-plugin-utils 124ms (cache miss)
625 silly packumentCache full:https://registry.npmjs.org/@babel%2fhelper-plugin-utils set size:undefined disposed:false
626 http fetch GET 200 https://registry.npmjs.org/@babel%2fhelper-plugin-utils 149ms (cache miss)
627 silly packumentCache full:https://registry.npmjs.org/@babel%2fhelper-plugin-utils set size:undefined disposed:false
628 http fetch GET 200 https://registry.npmjs.org/@types%2fbabel__template 94ms (cache miss)
629 silly packumentCache full:https://registry.npmjs.org/@types%2fbabel__template set size:undefined disposed:false
630 http fetch GET 200 https://registry.npmjs.org/@types%2fbabel__generator 76ms (cache miss)
631 silly packumentCache full:https://registry.npmjs.org/@types%2fbabel__generator set size:undefined disposed:false
632 http fetch GET 200 https://registry.npmjs.org/@types%2fbabel__traverse 93ms (cache miss)
633 silly packumentCache full:https://registry.npmjs.org/@types%2fbabel__traverse set size:undefined disposed:false
634 silly fetch manifest @babel/core@^7.0.0
635 silly packumentCache full:https://registry.npmjs.org/@babel%2fcore cache-miss
636 http cache https://registry.npmjs.org/@babel%2fcore 13ms (cache hit)
637 silly packumentCache full:https://registry.npmjs.org/@babel%2fcore set size:788273 disposed:false
638 silly placeDep ROOT @babel/code-frame@7.29.7 OK for: @babel/core@7.29.7 want: ^7.29.7
639 silly placeDep ROOT @babel/generator@7.29.8 OK for: @babel/core@7.29.7 want: ^7.29.7
640 silly placeDep ROOT @babel/helper-compilation-targets@7.29.7 OK for: @babel/core@7.29.7 want: ^7.29.7
641 silly placeDep ROOT @babel/helper-module-transforms@7.29.7 OK for: @babel/core@7.29.7 want: ^7.29.7
642 silly placeDep ROOT @babel/helpers@7.29.7 OK for: @babel/core@7.29.7 want: ^7.29.7
643 silly placeDep ROOT @babel/parser@7.29.8 OK for: @babel/core@7.29.7 want: ^7.29.7
644 silly placeDep ROOT @babel/template@7.29.7 OK for: @babel/core@7.29.7 want: ^7.29.7
645 silly placeDep ROOT @babel/traverse@7.29.8 OK for: @babel/core@7.29.7 want: ^7.29.7
646 silly placeDep ROOT @babel/types@7.29.8 OK for: @babel/core@7.29.7 want: ^7.29.7
647 silly placeDep ROOT @jridgewell/remapping@2.3.5 OK for: @babel/core@7.29.7 want: ^2.3.5
648 silly placeDep ROOT convert-source-map@2.0.0 OK for: @babel/core@7.29.7 want: ^2.0.0
649 silly placeDep ROOT debug@4.4.3 OK for: @babel/core@7.29.7 want: ^4.1.0
650 silly placeDep ROOT gensync@1.0.0-beta.2 OK for: @babel/core@7.29.7 want: ^1.0.0-beta.2
651 silly placeDep ROOT json5@2.2.3 OK for: @babel/core@7.29.7 want: ^2.2.3
652 silly placeDep ROOT semver@6.3.1 OK for: @babel/core@7.29.7 want: ^6.3.1
653 silly fetch manifest js-tokens@^4.0.0
654 silly packumentCache full:https://registry.npmjs.org/js-tokens cache-miss
655 silly fetch manifest picocolors@^1.1.1
656 silly packumentCache full:https://registry.npmjs.org/picocolors cache-miss
657 silly fetch manifest @babel/helper-validator-identifier@^7.29.7
658 silly packumentCache full:https://registry.npmjs.org/@babel%2fhelper-validator-identifier cache-miss
659 silly fetch manifest jsesc@^3.0.2
660 silly packumentCache full:https://registry.npmjs.org/jsesc cache-miss
661 silly fetch manifest @babel/types@^7.29.8
662 silly packumentCache full:https://registry.npmjs.org/@babel%2ftypes cache-hit
663 silly fetch manifest @babel/parser@^7.29.8
664 silly packumentCache full:https://registry.npmjs.org/@babel%2fparser cache-hit
665 silly fetch manifest @jridgewell/gen-mapping@^0.3.12
666 silly packumentCache full:https://registry.npmjs.org/@jridgewell%2fgen-mapping cache-miss
667 silly fetch manifest @jridgewell/trace-mapping@^0.3.28
668 silly packumentCache full:https://registry.npmjs.org/@jridgewell%2ftrace-mapping cache-miss
669 silly fetch manifest lru-cache@^5.1.1
670 silly packumentCache full:https://registry.npmjs.org/lru-cache cache-miss
671 http fetch GET 200 https://registry.npmjs.org/picocolors 103ms (cache miss)
672 silly packumentCache full:https://registry.npmjs.org/picocolors set size:undefined disposed:false
673 silly fetch manifest browserslist@^4.24.0
674 silly packumentCache full:https://registry.npmjs.org/browserslist cache-miss
675 http fetch GET 200 https://registry.npmjs.org/js-tokens 114ms (cache miss)
676 silly packumentCache full:https://registry.npmjs.org/js-tokens set size:undefined disposed:false
677 silly fetch manifest @babel/compat-data@^7.29.7
678 silly packumentCache full:https://registry.npmjs.org/@babel%2fcompat-data cache-miss
679 http fetch GET 200 https://registry.npmjs.org/@jridgewell%2fgen-mapping 122ms (cache miss)
680 silly packumentCache full:https://registry.npmjs.org/@jridgewell%2fgen-mapping set size:undefined disposed:false
681 silly fetch manifest @babel/helper-validator-option@^7.29.7
682 silly packumentCache full:https://registry.npmjs.org/@babel%2fhelper-validator-option cache-miss
683 http fetch GET 200 https://registry.npmjs.org/@babel%2fhelper-validator-identifier 131ms (cache miss)
684 silly packumentCache full:https://registry.npmjs.org/@babel%2fhelper-validator-identifier set size:undefined disposed:false
685 silly fetch manifest @babel/helper-module-imports@^7.29.7
686 silly packumentCache full:https://registry.npmjs.org/@babel%2fhelper-module-imports cache-miss
687 http fetch GET 200 https://registry.npmjs.org/@jridgewell%2ftrace-mapping 125ms (cache miss)
688 silly packumentCache full:https://registry.npmjs.org/@jridgewell%2ftrace-mapping set size:undefined disposed:false
689 silly fetch manifest debug@^4.3.1
690 silly packumentCache full:https://registry.npmjs.org/debug cache-hit
691 silly fetch manifest @babel/helper-globals@^7.29.7
692 silly packumentCache full:https://registry.npmjs.org/@babel%2fhelper-globals cache-miss
693 http fetch GET 200 https://registry.npmjs.org/lru-cache 139ms (cache miss)
694 silly packumentCache full:https://registry.npmjs.org/lru-cache set size:undefined disposed:false
695 silly fetch manifest @babel/helper-string-parser@^7.29.7
696 silly packumentCache full:https://registry.npmjs.org/@babel%2fhelper-string-parser cache-miss
697 http fetch GET 200 https://registry.npmjs.org/@babel%2fhelper-validator-option 73ms (cache miss)
698 silly packumentCache full:https://registry.npmjs.org/@babel%2fhelper-validator-option set size:undefined disposed:false
699 silly fetch manifest @jridgewell/gen-mapping@^0.3.5
700 silly packumentCache full:https://registry.npmjs.org/@jridgewell%2fgen-mapping cache-miss
701 http fetch GET 200 https://registry.npmjs.org/@babel%2fcompat-data 92ms (cache miss)
702 silly packumentCache full:https://registry.npmjs.org/@babel%2fcompat-data set size:undefined disposed:false
703 silly fetch manifest @jridgewell/trace-mapping@^0.3.24
704 silly packumentCache full:https://registry.npmjs.org/@jridgewell%2ftrace-mapping cache-miss
705 http cache https://registry.npmjs.org/@jridgewell%2fgen-mapping 26ms (cache hit)
706 silly packumentCache full:https://registry.npmjs.org/@jridgewell%2fgen-mapping set size:75941 disposed:false
707 silly fetch manifest ms@^2.1.3
708 silly packumentCache full:https://registry.npmjs.org/ms cache-miss
709 http fetch GET 200 https://registry.npmjs.org/@babel%2fhelper-globals 94ms (cache miss)
710 silly packumentCache full:https://registry.npmjs.org/@babel%2fhelper-globals set size:undefined disposed:false
711 http fetch GET 200 https://registry.npmjs.org/@babel%2fhelper-module-imports 109ms (cache miss)
712 silly packumentCache full:https://registry.npmjs.org/@babel%2fhelper-module-imports set size:undefined disposed:false
713 http cache https://registry.npmjs.org/@jridgewell%2ftrace-mapping 34ms (cache hit)
714 silly packumentCache full:https://registry.npmjs.org/@jridgewell%2ftrace-mapping set size:170909 disposed:false
715 http cache https://registry.npmjs.org/ms 23ms (cache hit)
716 silly packumentCache full:https://registry.npmjs.org/ms set size:92208 disposed:false
717 http fetch GET 200 https://registry.npmjs.org/@babel%2fhelper-string-parser 100ms (cache miss)
718 silly packumentCache full:https://registry.npmjs.org/@babel%2fhelper-string-parser set size:undefined disposed:false
719 http fetch GET 200 https://registry.npmjs.org/jsesc 287ms (cache miss)
720 silly packumentCache full:https://registry.npmjs.org/jsesc set size:undefined disposed:false
721 http fetch GET 200 https://registry.npmjs.org/browserslist 330ms (cache miss)
722 silly packumentCache full:https://registry.npmjs.org/browserslist set size:undefined disposed:false
723 silly placeDep ROOT @babel/helper-validator-identifier@7.29.7 OK for: @babel/code-frame@7.29.7 want: ^7.29.7
724 silly placeDep ROOT js-tokens@4.0.0 OK for: @babel/code-frame@7.29.7 want: ^4.0.0
725 silly placeDep ROOT picocolors@1.1.1 OK for: @babel/code-frame@7.29.7 want: ^1.1.1
726 silly placeDep ROOT @jridgewell/gen-mapping@0.3.13 OK for: @babel/generator@7.29.8 want: ^0.3.12
727 silly placeDep ROOT @jridgewell/trace-mapping@0.3.31 OK for: @babel/generator@7.29.8 want: ^0.3.28
728 silly placeDep ROOT jsesc@3.1.0 OK for: @babel/generator@7.29.8 want: ^3.0.2
729 silly fetch manifest @jridgewell/sourcemap-codec@^1.5.0
730 silly packumentCache full:https://registry.npmjs.org/@jridgewell%2fsourcemap-codec cache-miss
731 silly fetch manifest @jridgewell/resolve-uri@^3.1.0
732 silly packumentCache full:https://registry.npmjs.org/@jridgewell%2fresolve-uri cache-miss
733 silly fetch manifest @jridgewell/sourcemap-codec@^1.4.14
734 silly packumentCache full:https://registry.npmjs.org/@jridgewell%2fsourcemap-codec cache-miss
735 http fetch GET 200 https://registry.npmjs.org/@jridgewell%2fsourcemap-codec 80ms (cache miss)
736 silly packumentCache full:https://registry.npmjs.org/@jridgewell%2fsourcemap-codec set size:undefined disposed:false
737 http fetch GET 200 https://registry.npmjs.org/@jridgewell%2fresolve-uri 85ms (cache miss)
738 silly packumentCache full:https://registry.npmjs.org/@jridgewell%2fresolve-uri set size:undefined disposed:false
739 http fetch GET 200 https://registry.npmjs.org/@jridgewell%2fsourcemap-codec 88ms (cache miss)
740 silly packumentCache full:https://registry.npmjs.org/@jridgewell%2fsourcemap-codec set size:undefined disposed:false
741 silly placeDep ROOT @babel/compat-data@7.29.7 OK for: @babel/helper-compilation-targets@7.29.7 want: ^7.29.7
742 silly placeDep ROOT @babel/helper-validator-option@7.29.7 OK for: @babel/helper-compilation-targets@7.29.7 want: ^7.29.7
743 silly placeDep ROOT browserslist@4.28.8 OK for: @babel/helper-compilation-targets@7.29.7 want: ^4.24.0
744 silly placeDep ROOT lru-cache@5.1.1 OK for: @babel/helper-compilation-targets@7.29.7 want: ^5.1.1
745 silly fetch manifest caniuse-lite@^1.0.30001809
746 silly packumentCache full:https://registry.npmjs.org/caniuse-lite cache-miss
747 silly fetch manifest node-releases@^2.0.53
748 silly packumentCache full:https://registry.npmjs.org/node-releases cache-miss
749 silly fetch manifest electron-to-chromium@^1.5.402
750 silly packumentCache full:https://registry.npmjs.org/electron-to-chromium cache-miss
751 silly fetch manifest update-browserslist-db@^1.3.0
752 silly packumentCache full:https://registry.npmjs.org/update-browserslist-db cache-miss
753 silly fetch manifest baseline-browser-mapping@^2.11.12
754 silly packumentCache full:https://registry.npmjs.org/baseline-browser-mapping cache-miss
755 silly fetch manifest yallist@^3.0.2
756 silly packumentCache full:https://registry.npmjs.org/yallist cache-miss
757 http fetch GET 200 https://registry.npmjs.org/yallist 97ms (cache miss)
758 silly packumentCache full:https://registry.npmjs.org/yallist set size:undefined disposed:false
759 http fetch GET 200 https://registry.npmjs.org/update-browserslist-db 105ms (cache miss)
760 silly packumentCache full:https://registry.npmjs.org/update-browserslist-db set size:undefined disposed:false
761 http fetch GET 200 https://registry.npmjs.org/node-releases 123ms (cache miss)
762 silly packumentCache full:https://registry.npmjs.org/node-releases set size:undefined disposed:false
763 http fetch GET 200 https://registry.npmjs.org/baseline-browser-mapping 138ms (cache miss)
764 silly packumentCache full:https://registry.npmjs.org/baseline-browser-mapping set size:undefined disposed:false
765 http fetch GET 200 https://registry.npmjs.org/caniuse-lite 208ms (cache miss)
766 silly packumentCache full:https://registry.npmjs.org/caniuse-lite set size:undefined disposed:false
767 http fetch GET 200 https://registry.npmjs.org/electron-to-chromium 256ms (cache miss)
768 silly packumentCache full:https://registry.npmjs.org/electron-to-chromium set size:undefined disposed:false
769 silly placeDep ROOT @babel/helper-module-imports@7.29.7 OK for: @babel/helper-module-transforms@7.29.7 want: ^7.29.7
770 silly placeDep ROOT @babel/helper-plugin-utils@7.29.7 OK for: @babel/plugin-transform-react-jsx-self@7.29.7 want: ^7.29.7
771 silly placeDep ROOT @babel/helper-globals@7.29.7 OK for: @babel/traverse@7.29.8 want: ^7.29.7
772 silly placeDep ROOT @babel/helper-string-parser@7.29.7 OK for: @babel/types@7.29.8 want: ^7.29.7
773 silly placeDep ROOT @jridgewell/sourcemap-codec@1.6.0 OK for: @jridgewell/gen-mapping@0.3.13 want: ^1.5.0
774 silly placeDep ROOT @jridgewell/resolve-uri@3.1.2 OK for: @jridgewell/trace-mapping@0.3.31 want: ^3.1.0
775 silly placeDep ROOT @types/babel__generator@7.27.0 OK for: @types/babel__core@7.20.5 want: *
776 silly placeDep ROOT @types/babel__template@7.4.4 OK for: @types/babel__core@7.20.5 want: *
777 silly placeDep ROOT @types/babel__traverse@7.28.0 OK for: @types/babel__core@7.20.5 want: *
778 silly fetch manifest browserslist@>= 4.21.0
779 silly packumentCache full:https://registry.npmjs.org/browserslist cache-miss
780 http cache https://registry.npmjs.org/browserslist 10ms (cache hit)
781 silly packumentCache full:https://registry.npmjs.org/browserslist set size:518659 disposed:false
782 silly placeDep ROOT baseline-browser-mapping@2.11.20 OK for: browserslist@4.28.8 want: ^2.11.12
783 silly placeDep ROOT caniuse-lite@1.0.30001810 OK for: browserslist@4.28.8 want: ^1.0.30001809
784 silly placeDep ROOT electron-to-chromium@1.5.416 OK for: browserslist@4.28.8 want: ^1.5.402
785 silly placeDep ROOT node-releases@2.0.54 OK for: browserslist@4.28.8 want: ^2.0.53
786 silly placeDep ROOT update-browserslist-db@1.3.2 OK for: browserslist@4.28.8 want: ^1.3.0
787 silly placeDep ROOT object-assign@4.1.1 OK for: cors@2.8.6 want: ^4
788 silly placeDep ROOT vary@1.1.2 OK for: cors@2.8.6 want: ^1
789 silly placeDep ROOT ms@2.1.3 OK for: debug@4.4.3 want: ^2.1.3
790 silly placeDep ROOT accepts@1.3.8 OK for: express@4.22.2 want: ~1.3.8
791 silly placeDep ROOT array-flatten@1.1.1 OK for: express@4.22.2 want: 1.1.1
792 silly placeDep ROOT body-parser@1.20.6 OK for: express@4.22.2 want: ~1.20.5
793 silly placeDep ROOT content-disposition@0.5.4 OK for: express@4.22.2 want: ~0.5.4
794 silly placeDep ROOT content-type@1.0.5 OK for: express@4.22.2 want: ~1.0.4
795 silly placeDep ROOT cookie@0.7.2 OK for: express@4.22.2 want: ~0.7.1
796 silly placeDep ROOT cookie-signature@1.0.7 OK for: express@4.22.2 want: ~1.0.6
797 silly placeDep node_modules/express debug@2.6.9 OK for: express@4.22.2 want: 2.6.9
798 silly placeDep ROOT depd@2.0.0 OK for: express@4.22.2 want: 2.0.0
799 silly placeDep ROOT encodeurl@2.0.0 OK for: express@4.22.2 want: ~2.0.0
800 silly placeDep ROOT escape-html@1.0.3 OK for: express@4.22.2 want: ~1.0.3
801 silly placeDep ROOT etag@1.8.1 OK for: express@4.22.2 want: ~1.8.1
802 silly placeDep ROOT finalhandler@1.3.2 OK for: express@4.22.2 want: ~1.3.1
803 silly placeDep ROOT fresh@0.5.2 OK for: express@4.22.2 want: ~0.5.2
804 silly placeDep ROOT http-errors@2.0.1 OK for: express@4.22.2 want: ~2.0.0
805 silly placeDep ROOT merge-descriptors@1.0.3 OK for: express@4.22.2 want: 1.0.3
806 silly placeDep ROOT methods@1.1.2 OK for: express@4.22.2 want: ~1.1.2
807 silly placeDep ROOT on-finished@2.4.1 OK for: express@4.22.2 want: ~2.4.1
808 silly placeDep ROOT parseurl@1.3.3 OK for: express@4.22.2 want: ~1.3.3
809 silly placeDep ROOT path-to-regexp@0.1.13 OK for: express@4.22.2 want: ~0.1.12
810 silly placeDep ROOT proxy-addr@2.0.7 OK for: express@4.22.2 want: ~2.0.7
811 silly placeDep ROOT qs@6.15.3 OK for: express@4.22.2 want: ~6.15.1
812 silly placeDep ROOT range-parser@1.2.1 OK for: express@4.22.2 want: ~1.2.1
813 silly placeDep ROOT safe-buffer@5.2.1 OK for: express@4.22.2 want: 5.2.1
814 silly placeDep ROOT send@0.19.2 OK for: express@4.22.2 want: ~0.19.0
815 silly placeDep ROOT serve-static@1.16.3 OK for: express@4.22.2 want: ~1.16.2
816 silly placeDep ROOT setprototypeof@1.2.0 OK for: express@4.22.2 want: 1.2.0
817 silly placeDep ROOT statuses@2.0.2 OK for: express@4.22.2 want: ~2.0.1
818 silly placeDep ROOT type-is@1.6.18 OK for: express@4.22.2 want: ~1.6.18
819 silly placeDep ROOT utils-merge@1.0.1 OK for: express@4.22.2 want: 1.0.1
820 silly fetch manifest mime-types@~2.1.34
821 silly packumentCache full:https://registry.npmjs.org/mime-types cache-miss
822 silly fetch manifest negotiator@0.6.3
823 silly packumentCache full:https://registry.npmjs.org/negotiator cache-miss
824 silly fetch manifest bytes@~3.1.2
825 silly packumentCache full:https://registry.npmjs.org/bytes cache-miss
826 silly fetch manifest unpipe@~1.0.0
827 silly packumentCache full:https://registry.npmjs.org/unpipe cache-miss
828 silly fetch manifest destroy@~1.2.0
829 silly packumentCache full:https://registry.npmjs.org/destroy cache-miss
830 silly fetch manifest raw-body@~2.5.3
831 silly packumentCache full:https://registry.npmjs.org/raw-body cache-miss
832 silly fetch manifest iconv-lite@~0.4.24
833 silly packumentCache full:https://registry.npmjs.org/iconv-lite cache-miss
834 http cache https://registry.npmjs.org/iconv-lite 73ms (cache hit)
835 silly packumentCache full:https://registry.npmjs.org/iconv-lite set size:126462 disposed:false
836 silly fetch manifest http-errors@~2.0.1
837 silly packumentCache full:https://registry.npmjs.org/http-errors cache-miss
838 http fetch GET 200 https://registry.npmjs.org/bytes 93ms (cache miss)
839 silly packumentCache full:https://registry.npmjs.org/bytes set size:undefined disposed:false
840 silly fetch manifest content-type@~1.0.5
841 silly packumentCache full:https://registry.npmjs.org/content-type cache-miss
842 http fetch GET 200 https://registry.npmjs.org/destroy 98ms (cache miss)
843 silly packumentCache full:https://registry.npmjs.org/destroy set size:undefined disposed:false
844 silly fetch manifest ms@2.0.0
845 silly packumentCache full:https://registry.npmjs.org/ms cache-hit
846 silly fetch manifest unpipe@~1.0.0
847 silly packumentCache full:https://registry.npmjs.org/unpipe cache-miss
848 http fetch GET 200 https://registry.npmjs.org/unpipe 105ms (cache miss)
849 silly packumentCache full:https://registry.npmjs.org/unpipe set size:undefined disposed:false
850 silly fetch manifest statuses@~2.0.2
851 silly packumentCache full:https://registry.npmjs.org/statuses cache-miss
852 http fetch GET 200 https://registry.npmjs.org/negotiator 110ms (cache miss)
853 silly packumentCache full:https://registry.npmjs.org/negotiator set size:undefined disposed:false
854 silly fetch manifest inherits@~2.0.4
855 silly packumentCache full:https://registry.npmjs.org/inherits cache-miss
856 http fetch GET 200 https://registry.npmjs.org/mime-types 118ms (cache miss)
857 silly packumentCache full:https://registry.npmjs.org/mime-types set size:undefined disposed:false
858 silly fetch manifest setprototypeof@~1.2.0
859 silly packumentCache full:https://registry.npmjs.org/setprototypeof cache-miss
860 http fetch GET 200 https://registry.npmjs.org/raw-body 121ms (cache miss)
861 silly packumentCache full:https://registry.npmjs.org/raw-body set size:undefined disposed:false
862 silly fetch manifest statuses@~2.0.2
863 silly packumentCache full:https://registry.npmjs.org/statuses cache-miss
864 http cache https://registry.npmjs.org/http-errors 46ms (cache hit)
865 silly packumentCache full:https://registry.npmjs.org/http-errors set size:71987 disposed:false
866 silly fetch manifest toidentifier@~1.0.1
867 silly packumentCache full:https://registry.npmjs.org/toidentifier cache-miss
868 http cache https://registry.npmjs.org/content-type 46ms (cache hit)
869 silly packumentCache full:https://registry.npmjs.org/content-type set size:23936 disposed:false
870 silly fetch manifest ee-first@1.1.1
871 silly packumentCache full:https://registry.npmjs.org/ee-first cache-miss
872 http cache https://registry.npmjs.org/unpipe 39ms (cache hit)
873 silly packumentCache full:https://registry.npmjs.org/unpipe set size:3609 disposed:false
874 silly fetch manifest forwarded@0.2.0
875 silly packumentCache full:https://registry.npmjs.org/forwarded cache-miss
876 http cache https://registry.npmjs.org/statuses 39ms (cache hit)
877 silly packumentCache full:https://registry.npmjs.org/statuses set size:37117 disposed:false
878 silly fetch manifest ipaddr.js@1.9.1
879 silly packumentCache full:https://registry.npmjs.org/ipaddr.js cache-miss
880 http cache https://registry.npmjs.org/setprototypeof 32ms (cache hit)
881 silly packumentCache full:https://registry.npmjs.org/setprototypeof set size:14532 disposed:false
882 silly fetch manifest side-channel@^1.1.1
883 silly packumentCache full:https://registry.npmjs.org/side-channel cache-miss
884 http cache https://registry.npmjs.org/statuses 30ms (cache hit)
885 silly packumentCache full:https://registry.npmjs.org/statuses set size:37117 disposed:false
886 silly packumentCache full:https://registry.npmjs.org/statuses dispose
887 silly fetch manifest es-define-property@^1.0.1
888 silly packumentCache full:https://registry.npmjs.org/es-define-property cache-miss
889 http fetch GET 200 https://registry.npmjs.org/inherits 64ms (cache miss)
890 silly packumentCache full:https://registry.npmjs.org/inherits set size:undefined disposed:false
891 silly fetch manifest mime@1.6.0
892 silly packumentCache full:https://registry.npmjs.org/mime cache-miss
893 http fetch GET 200 https://registry.npmjs.org/toidentifier 66ms (cache miss)
894 silly packumentCache full:https://registry.npmjs.org/toidentifier set size:undefined disposed:false
895 silly fetch manifest destroy@1.2.0
896 silly packumentCache full:https://registry.npmjs.org/destroy cache-miss
897 http cache https://registry.npmjs.org/destroy 15ms (cache hit)
898 silly packumentCache full:https://registry.npmjs.org/destroy set size:15738 disposed:false
899 silly fetch manifest mime-types@~2.1.24
900 silly packumentCache full:https://registry.npmjs.org/mime-types cache-miss
901 http fetch GET 200 https://registry.npmjs.org/forwarded 72ms (cache miss)
902 silly packumentCache full:https://registry.npmjs.org/forwarded set size:undefined disposed:false
903 silly fetch manifest media-typer@0.3.0
904 silly packumentCache full:https://registry.npmjs.org/media-typer cache-miss
905 http fetch GET 200 https://registry.npmjs.org/ee-first 95ms (cache miss)
906 silly packumentCache full:https://registry.npmjs.org/ee-first set size:undefined disposed:false
907 http cache https://registry.npmjs.org/mime-types 29ms (cache hit)
908 silly packumentCache full:https://registry.npmjs.org/mime-types set size:139110 disposed:false
909 http fetch GET 200 https://registry.npmjs.org/side-channel 91ms (cache miss)
910 silly packumentCache full:https://registry.npmjs.org/side-channel set size:undefined disposed:false
911 http fetch GET 200 https://registry.npmjs.org/es-define-property 91ms (cache miss)
912 silly packumentCache full:https://registry.npmjs.org/es-define-property set size:undefined disposed:false
913 http fetch GET 200 https://registry.npmjs.org/ipaddr.js 110ms (cache miss)
914 silly packumentCache full:https://registry.npmjs.org/ipaddr.js set size:undefined disposed:false
915 http fetch GET 200 https://registry.npmjs.org/mime 85ms (cache miss)
916 silly packumentCache full:https://registry.npmjs.org/mime set size:undefined disposed:false
917 http fetch GET 200 https://registry.npmjs.org/media-typer 63ms (cache miss)
918 silly packumentCache full:https://registry.npmjs.org/media-typer set size:undefined disposed:false
919 silly placeDep ROOT mime-types@2.1.35 OK for: accepts@1.3.8 want: ~2.1.34
920 silly placeDep ROOT negotiator@0.6.3 OK for: accepts@1.3.8 want: 0.6.3
921 silly fetch manifest mime-db@1.52.0
922 silly packumentCache full:https://registry.npmjs.org/mime-db cache-miss
923 http fetch GET 200 https://registry.npmjs.org/mime-db 67ms (cache miss)
924 silly packumentCache full:https://registry.npmjs.org/mime-db set size:undefined disposed:false
925 silly placeDep ROOT bytes@3.1.2 OK for: body-parser@1.20.6 want: ~3.1.2
926 silly placeDep node_modules/body-parser debug@2.6.9 OK for: body-parser@1.20.6 want: 2.6.9
927 silly placeDep ROOT destroy@1.2.0 OK for: body-parser@1.20.6 want: ~1.2.0
928 silly placeDep ROOT iconv-lite@0.4.24 OK for: body-parser@1.20.6 want: ~0.4.24
929 silly placeDep ROOT raw-body@2.5.3 OK for: body-parser@1.20.6 want: ~2.5.3
930 silly placeDep ROOT unpipe@1.0.0 OK for: body-parser@1.20.6 want: ~1.0.0
931 silly fetch manifest safer-buffer@>= 2.1.2 < 3
932 silly packumentCache full:https://registry.npmjs.org/safer-buffer cache-miss
933 http fetch GET 200 https://registry.npmjs.org/safer-buffer 59ms (cache miss)
934 silly packumentCache full:https://registry.npmjs.org/safer-buffer set size:undefined disposed:false
935 silly placeDep ROOT lodash@4.18.1 OK for: express-validator@7.3.2 want: ^4.18.1
936 silly placeDep ROOT validator@13.15.35 OK for: express-validator@7.3.2 want: ~13.15.23
937 silly placeDep node_modules/finalhandler debug@2.6.9 OK for: finalhandler@1.3.2 want: 2.6.9
938 silly placeDep ROOT inherits@2.0.4 OK for: http-errors@2.0.1 want: ~2.0.4
939 silly placeDep ROOT toidentifier@1.0.1 OK for: http-errors@2.0.1 want: ~1.0.1
940 silly placeDep ROOT safer-buffer@2.1.2 OK for: iconv-lite@0.4.24 want: >= 2.1.2 < 3
941 silly placeDep ROOT jws@4.0.1 OK for: jsonwebtoken@9.0.3 want: ^4.0.1
942 silly placeDep ROOT lodash.includes@4.3.0 OK for: jsonwebtoken@9.0.3 want: ^4.3.0
943 silly placeDep ROOT lodash.isboolean@3.0.3 OK for: jsonwebtoken@9.0.3 want: ^3.0.3
944 silly placeDep ROOT lodash.isinteger@4.0.4 OK for: jsonwebtoken@9.0.3 want: ^4.0.4
945 silly placeDep ROOT lodash.isnumber@3.0.3 OK for: jsonwebtoken@9.0.3 want: ^3.0.3
946 silly placeDep ROOT lodash.isplainobject@4.0.6 OK for: jsonwebtoken@9.0.3 want: ^4.0.6
947 silly placeDep ROOT lodash.isstring@4.0.1 OK for: jsonwebtoken@9.0.3 want: ^4.0.1
948 silly placeDep ROOT lodash.once@4.1.1 OK for: jsonwebtoken@9.0.3 want: ^4.0.0
949 silly placeDep node_modules/jsonwebtoken semver@7.8.5 OK for: jsonwebtoken@9.0.3 want: ^7.5.4
950 silly fetch manifest jwa@^2.0.1
951 silly packumentCache full:https://registry.npmjs.org/jwa cache-miss
952 http fetch GET 200 https://registry.npmjs.org/jwa 70ms (cache miss)
953 silly packumentCache full:https://registry.npmjs.org/jwa set size:undefined disposed:false
954 silly placeDep ROOT jwa@2.0.1 OK for: jws@4.0.1 want: ^2.0.1
955 silly fetch manifest ecdsa-sig-formatter@1.0.11
956 silly packumentCache full:https://registry.npmjs.org/ecdsa-sig-formatter cache-miss
957 silly fetch manifest buffer-equal-constant-time@^1.0.1
958 silly packumentCache full:https://registry.npmjs.org/buffer-equal-constant-time cache-miss
959 http fetch GET 200 https://registry.npmjs.org/ecdsa-sig-formatter 60ms (cache miss)
960 silly packumentCache full:https://registry.npmjs.org/ecdsa-sig-formatter set size:undefined disposed:false
961 http fetch GET 200 https://registry.npmjs.org/buffer-equal-constant-time 66ms (cache miss)
962 silly packumentCache full:https://registry.npmjs.org/buffer-equal-constant-time set size:undefined disposed:false
963 silly placeDep ROOT buffer-equal-constant-time@1.0.1 OK for: jwa@2.0.1 want: ^1.0.1
964 silly placeDep ROOT ecdsa-sig-formatter@1.0.11 OK for: jwa@2.0.1 want: 1.0.11
965 silly placeDep ROOT yallist@3.1.1 OK for: lru-cache@5.1.1 want: ^3.0.2
966 silly placeDep ROOT mime-db@1.52.0 OK for: mime-types@2.1.35 want: 1.52.0
967 silly placeDep ROOT aws-ssl-profiles@1.1.2 OK for: mysql2@3.24.2 want: ^1.1.2
968 silly placeDep ROOT generate-function@2.3.1 OK for: mysql2@3.24.2 want: ^2.3.1
969 silly placeDep node_modules/mysql2 iconv-lite@0.7.3 OK for: mysql2@3.24.2 want: ^0.7.3
970 silly placeDep ROOT long@5.3.2 OK for: mysql2@3.24.2 want: ^5.3.2
971 silly placeDep ROOT lru.min@1.1.4 OK for: mysql2@3.24.2 want: ^1.1.4
972 silly placeDep ROOT named-placeholders@1.1.6 OK for: mysql2@3.24.2 want: ^1.1.6
973 silly placeDep ROOT sql-escaper@1.5.1 OK for: mysql2@3.24.2 want: ^1.5.1
974 silly fetch manifest is-property@^1.0.2
975 silly packumentCache full:https://registry.npmjs.org/is-property cache-miss
976 http fetch GET 200 https://registry.npmjs.org/is-property 63ms (cache miss)
977 silly packumentCache full:https://registry.npmjs.org/is-property set size:undefined disposed:false
978 silly placeDep ROOT is-property@1.0.2 OK for: generate-function@2.3.1 want: ^1.0.2
979 silly placeDep ROOT ee-first@1.1.1 OK for: on-finished@2.4.1 want: 1.1.1
980 silly placeDep ROOT forwarded@0.2.0 OK for: proxy-addr@2.0.7 want: 0.2.0
981 silly placeDep ROOT ipaddr.js@1.9.1 OK for: proxy-addr@2.0.7 want: 1.9.1
982 silly placeDep ROOT es-define-property@1.0.1 OK for: qs@6.15.3 want: ^1.0.1
983 silly placeDep ROOT side-channel@1.1.1 OK for: qs@6.15.3 want: ^1.1.1
984 silly fetch manifest es-errors@^1.3.0
985 silly packumentCache full:https://registry.npmjs.org/es-errors cache-miss
986 silly fetch manifest object-inspect@^1.13.4
987 silly packumentCache full:https://registry.npmjs.org/object-inspect cache-miss
988 silly fetch manifest side-channel-list@^1.0.1
989 silly packumentCache full:https://registry.npmjs.org/side-channel-list cache-miss
990 silly fetch manifest side-channel-map@^1.0.1
991 silly packumentCache full:https://registry.npmjs.org/side-channel-map cache-miss
992 silly fetch manifest side-channel-weakmap@^1.0.2
993 silly packumentCache full:https://registry.npmjs.org/side-channel-weakmap cache-miss
994 http fetch GET 200 https://registry.npmjs.org/es-errors 71ms (cache miss)
995 silly packumentCache full:https://registry.npmjs.org/es-errors set size:undefined disposed:false
996 http fetch GET 200 https://registry.npmjs.org/side-channel-list 73ms (cache miss)
997 silly packumentCache full:https://registry.npmjs.org/side-channel-list set size:undefined disposed:false
998 http fetch GET 200 https://registry.npmjs.org/side-channel-weakmap 75ms (cache miss)
999 silly packumentCache full:https://registry.npmjs.org/side-channel-weakmap set size:undefined disposed:false
1000 http fetch GET 200 https://registry.npmjs.org/side-channel-map 77ms (cache miss)
1001 silly packumentCache full:https://registry.npmjs.org/side-channel-map set size:undefined disposed:false
1002 http fetch GET 200 https://registry.npmjs.org/object-inspect 80ms (cache miss)
1003 silly packumentCache full:https://registry.npmjs.org/object-inspect set size:undefined disposed:false
1004 silly placeDep ROOT loose-envify@1.4.0 OK for: react@18.3.1 want: ^1.1.0
1005 silly placeDep ROOT scheduler@0.23.2 OK for: react-dom@18.3.1 want: ^0.23.2
1006 silly placeDep node_modules/send debug@2.6.9 OK for: send@0.19.2 want: 2.6.9
1007 silly placeDep ROOT mime@1.6.0 OK for: send@0.19.2 want: 1.6.0
1008 silly placeDep ROOT es-errors@1.3.0 OK for: side-channel@1.1.1 want: ^1.3.0
1009 silly placeDep ROOT object-inspect@1.13.4 OK for: side-channel@1.1.1 want: ^1.13.4
1010 silly placeDep ROOT side-channel-list@1.0.1 OK for: side-channel@1.1.1 want: ^1.0.1
1011 silly placeDep ROOT side-channel-map@1.0.1 OK for: side-channel@1.1.1 want: ^1.0.1
1012 silly placeDep ROOT side-channel-weakmap@1.0.2 OK for: side-channel@1.1.1 want: ^1.0.2
1013 silly fetch manifest call-bound@^1.0.2
1014 silly packumentCache full:https://registry.npmjs.org/call-bound cache-miss
1015 silly fetch manifest get-intrinsic@^1.2.5
1016 silly packumentCache full:https://registry.npmjs.org/get-intrinsic cache-miss
1017 silly fetch manifest call-bound@^1.0.2
1018 silly packumentCache full:https://registry.npmjs.org/call-bound cache-miss
1019 silly fetch manifest get-intrinsic@^1.2.5
1020 silly packumentCache full:https://registry.npmjs.org/get-intrinsic cache-miss
1021 http fetch GET 200 https://registry.npmjs.org/get-intrinsic 63ms (cache miss)
1022 silly packumentCache full:https://registry.npmjs.org/get-intrinsic set size:undefined disposed:false
1023 http fetch GET 200 https://registry.npmjs.org/call-bound 66ms (cache miss)
1024 silly packumentCache full:https://registry.npmjs.org/call-bound set size:undefined disposed:false
1025 http fetch GET 200 https://registry.npmjs.org/get-intrinsic 67ms (cache miss)
1026 silly packumentCache full:https://registry.npmjs.org/get-intrinsic set size:undefined disposed:false
1027 http fetch GET 200 https://registry.npmjs.org/call-bound 70ms (cache miss)
1028 silly packumentCache full:https://registry.npmjs.org/call-bound set size:undefined disposed:false
1029 silly placeDep ROOT call-bound@1.0.4 OK for: side-channel-map@1.0.1 want: ^1.0.2
1030 silly placeDep ROOT get-intrinsic@1.3.0 OK for: side-channel-map@1.0.1 want: ^1.2.5
1031 silly fetch manifest call-bind-apply-helpers@^1.0.2
1032 silly packumentCache full:https://registry.npmjs.org/call-bind-apply-helpers cache-miss
1033 silly fetch manifest get-intrinsic@^1.3.0
1034 silly packumentCache full:https://registry.npmjs.org/get-intrinsic cache-miss
1035 silly fetch manifest gopd@^1.2.0
1036 silly packumentCache full:https://registry.npmjs.org/gopd cache-miss
1037 silly fetch manifest hasown@^2.0.2
1038 silly packumentCache full:https://registry.npmjs.org/hasown cache-miss
1039 silly fetch manifest get-proto@^1.0.1
1040 silly packumentCache full:https://registry.npmjs.org/get-proto cache-miss
1041 silly fetch manifest has-symbols@^1.1.0
1042 silly packumentCache full:https://registry.npmjs.org/has-symbols cache-miss
1043 silly fetch manifest function-bind@^1.1.2
1044 silly packumentCache full:https://registry.npmjs.org/function-bind cache-miss
1045 http cache https://registry.npmjs.org/get-intrinsic 20ms (cache hit)
1046 silly packumentCache full:https://registry.npmjs.org/get-intrinsic set size:60985 disposed:false
1047 silly fetch manifest es-object-atoms@^1.1.1
1048 silly packumentCache full:https://registry.npmjs.org/es-object-atoms cache-miss
1049 http fetch GET 200 https://registry.npmjs.org/function-bind 68ms (cache miss)
1050 silly packumentCache full:https://registry.npmjs.org/function-bind set size:undefined disposed:false
1051 silly fetch manifest math-intrinsics@^1.1.0
1052 silly packumentCache full:https://registry.npmjs.org/math-intrinsics cache-miss
1053 http fetch GET 200 https://registry.npmjs.org/get-proto 73ms (cache miss)
1054 silly packumentCache full:https://registry.npmjs.org/get-proto set size:undefined disposed:false
1055 silly fetch manifest call-bind-apply-helpers@^1.0.2
1056 silly packumentCache full:https://registry.npmjs.org/call-bind-apply-helpers cache-miss
1057 http fetch GET 200 https://registry.npmjs.org/gopd 78ms (cache miss)
1058 silly packumentCache full:https://registry.npmjs.org/gopd set size:undefined disposed:false
1059 http fetch GET 200 https://registry.npmjs.org/call-bind-apply-helpers 87ms (cache miss)
1060 silly packumentCache full:https://registry.npmjs.org/call-bind-apply-helpers set size:undefined disposed:false
1061 http fetch GET 200 https://registry.npmjs.org/hasown 90ms (cache miss)
1062 silly packumentCache full:https://registry.npmjs.org/hasown set size:undefined disposed:false
1063 http fetch GET 200 https://registry.npmjs.org/es-object-atoms 77ms (cache miss)
1064 silly packumentCache full:https://registry.npmjs.org/es-object-atoms set size:undefined disposed:false
1065 http fetch GET 200 https://registry.npmjs.org/has-symbols 102ms (cache miss)
1066 silly packumentCache full:https://registry.npmjs.org/has-symbols set size:undefined disposed:false
1067 http fetch GET 200 https://registry.npmjs.org/math-intrinsics 50ms (cache miss)
1068 silly packumentCache full:https://registry.npmjs.org/math-intrinsics set size:undefined disposed:false
1069 http fetch GET 200 https://registry.npmjs.org/call-bind-apply-helpers 55ms (cache miss)
1070 silly packumentCache full:https://registry.npmjs.org/call-bind-apply-helpers set size:undefined disposed:false
1071 silly placeDep ROOT call-bind-apply-helpers@1.0.2 OK for: call-bound@1.0.4 want: ^1.0.2
1072 silly placeDep ROOT function-bind@1.1.2 OK for: call-bind-apply-helpers@1.0.2 want: ^1.1.2
1073 silly placeDep ROOT es-object-atoms@1.1.2 OK for: get-intrinsic@1.3.0 want: ^1.1.1
1074 silly placeDep ROOT get-proto@1.0.1 OK for: get-intrinsic@1.3.0 want: ^1.0.1
1075 silly placeDep ROOT gopd@1.2.0 OK for: get-intrinsic@1.3.0 want: ^1.2.0
1076 silly placeDep ROOT has-symbols@1.1.0 OK for: get-intrinsic@1.3.0 want: ^1.1.0
1077 silly placeDep ROOT hasown@2.0.4 OK for: get-intrinsic@1.3.0 want: ^2.0.2
1078 silly placeDep ROOT math-intrinsics@1.1.0 OK for: get-intrinsic@1.3.0 want: ^1.1.0
1079 silly fetch manifest dunder-proto@^1.0.1
1080 silly packumentCache full:https://registry.npmjs.org/dunder-proto cache-miss
1081 http fetch GET 200 https://registry.npmjs.org/dunder-proto 70ms (cache miss)
1082 silly packumentCache full:https://registry.npmjs.org/dunder-proto set size:undefined disposed:false
1083 silly placeDep ROOT dunder-proto@1.0.1 OK for: get-proto@1.0.1 want: ^1.0.1
1084 silly placeDep ROOT media-typer@0.3.0 OK for: type-is@1.6.18 want: 0.3.0
1085 silly placeDep ROOT esbuild@0.25.12 OK for: vite@6.4.3 want: ^0.25.0
1086 silly placeDep ROOT fdir@6.5.0 OK for: vite@6.4.3 want: ^6.4.4
1087 silly placeDep ROOT fsevents@2.3.3 OK for: vite@6.4.3 want: ~2.3.3
1088 silly placeDep ROOT picomatch@4.0.7 OK for: vite@6.4.3 want: ^4.0.2
1089 silly placeDep ROOT postcss@8.5.26 OK for: vite@6.4.3 want: ^8.5.3
1090 silly placeDep ROOT rollup@4.63.1 OK for: vite@6.4.3 want: ^4.34.9
1091 silly placeDep ROOT tinyglobby@0.2.17 OK for: vite@6.4.3 want: ^0.2.13
1092 silly fetch manifest @esbuild/aix-ppc64@0.25.12
1093 silly packumentCache full:https://registry.npmjs.org/@esbuild%2faix-ppc64 cache-miss
1094 silly fetch manifest @esbuild/linux-arm@0.25.12
1095 silly packumentCache full:https://registry.npmjs.org/@esbuild%2flinux-arm cache-miss
1096 silly fetch manifest @esbuild/linux-x64@0.25.12
1097 silly packumentCache full:https://registry.npmjs.org/@esbuild%2flinux-x64 cache-miss
1098 silly fetch manifest @esbuild/sunos-x64@0.25.12
1099 silly packumentCache full:https://registry.npmjs.org/@esbuild%2fsunos-x64 cache-miss
1100 silly fetch manifest @esbuild/win32-x64@0.25.12
1101 silly packumentCache full:https://registry.npmjs.org/@esbuild%2fwin32-x64 cache-miss
1102 silly fetch manifest @esbuild/darwin-x64@0.25.12
1103 silly packumentCache full:https://registry.npmjs.org/@esbuild%2fdarwin-x64 cache-miss
1104 silly fetch manifest @esbuild/linux-ia32@0.25.12
1105 silly packumentCache full:https://registry.npmjs.org/@esbuild%2flinux-ia32 cache-miss
1106 http fetch GET 200 https://registry.npmjs.org/@esbuild%2faix-ppc64 105ms (cache miss)
1107 silly packumentCache full:https://registry.npmjs.org/@esbuild%2faix-ppc64 set size:undefined disposed:false
1108 silly fetch manifest @esbuild/netbsd-x64@0.25.12
1109 silly packumentCache full:https://registry.npmjs.org/@esbuild%2fnetbsd-x64 cache-miss
1110 http fetch GET 200 https://registry.npmjs.org/@esbuild%2fdarwin-x64 109ms (cache miss)
1111 silly packumentCache full:https://registry.npmjs.org/@esbuild%2fdarwin-x64 set size:undefined disposed:false
1112 silly fetch manifest @esbuild/win32-ia32@0.25.12
1113 silly packumentCache full:https://registry.npmjs.org/@esbuild%2fwin32-ia32 cache-miss
1114 http fetch GET 200 https://registry.npmjs.org/@esbuild%2flinux-arm 119ms (cache miss)
1115 silly packumentCache full:https://registry.npmjs.org/@esbuild%2flinux-arm set size:undefined disposed:false
1116 silly fetch manifest @esbuild/android-arm@0.25.12
1117 silly packumentCache full:https://registry.npmjs.org/@esbuild%2fandroid-arm cache-miss
1118 http fetch GET 200 https://registry.npmjs.org/@esbuild%2flinux-x64 121ms (cache miss)
1119 silly packumentCache full:https://registry.npmjs.org/@esbuild%2flinux-x64 set size:undefined disposed:false
1120 silly fetch manifest @esbuild/android-x64@0.25.12
1121 silly packumentCache full:https://registry.npmjs.org/@esbuild%2fandroid-x64 cache-miss
1122 http fetch GET 200 https://registry.npmjs.org/@esbuild%2flinux-ia32 123ms (cache miss)
1123 silly packumentCache full:https://registry.npmjs.org/@esbuild%2flinux-ia32 set size:undefined disposed:false
1124 silly fetch manifest @esbuild/freebsd-x64@0.25.12
1125 silly packumentCache full:https://registry.npmjs.org/@esbuild%2ffreebsd-x64 cache-miss
1126 http fetch GET 200 https://registry.npmjs.org/@esbuild%2fsunos-x64 127ms (cache miss)
1127 silly packumentCache full:https://registry.npmjs.org/@esbuild%2fsunos-x64 set size:undefined disposed:false
1128 silly fetch manifest @esbuild/linux-arm64@0.25.12
1129 silly packumentCache full:https://registry.npmjs.org/@esbuild%2flinux-arm64 cache-miss
1130 http fetch GET 200 https://registry.npmjs.org/@esbuild%2fnetbsd-x64 76ms (cache miss)
1131 silly packumentCache full:https://registry.npmjs.org/@esbuild%2fnetbsd-x64 set size:undefined disposed:false
1132 silly fetch manifest @esbuild/linux-ppc64@0.25.12
1133 silly packumentCache full:https://registry.npmjs.org/@esbuild%2flinux-ppc64 cache-miss
1134 http fetch GET 200 https://registry.npmjs.org/@esbuild%2fwin32-ia32 90ms (cache miss)
1135 silly packumentCache full:https://registry.npmjs.org/@esbuild%2fwin32-ia32 set size:undefined disposed:false
1136 silly fetch manifest @esbuild/linux-s390x@0.25.12
1137 silly packumentCache full:https://registry.npmjs.org/@esbuild%2flinux-s390x cache-miss
1138 http fetch GET 200 https://registry.npmjs.org/@esbuild%2fandroid-arm 105ms (cache miss)
1139 silly packumentCache full:https://registry.npmjs.org/@esbuild%2fandroid-arm set size:undefined disposed:false
1140 silly fetch manifest @esbuild/openbsd-x64@0.25.12
1141 silly packumentCache full:https://registry.npmjs.org/@esbuild%2fopenbsd-x64 cache-miss
1142 http fetch GET 200 https://registry.npmjs.org/@esbuild%2flinux-arm64 106ms (cache miss)
1143 silly packumentCache full:https://registry.npmjs.org/@esbuild%2flinux-arm64 set size:undefined disposed:false
1144 silly fetch manifest @esbuild/win32-arm64@0.25.12
1145 silly packumentCache full:https://registry.npmjs.org/@esbuild%2fwin32-arm64 cache-miss
1146 http fetch GET 200 https://registry.npmjs.org/@esbuild%2ffreebsd-x64 126ms (cache miss)
1147 silly packumentCache full:https://registry.npmjs.org/@esbuild%2ffreebsd-x64 set size:undefined disposed:false
1148 silly fetch manifest @esbuild/darwin-arm64@0.25.12
1149 silly packumentCache full:https://registry.npmjs.org/@esbuild%2fdarwin-arm64 cache-miss
1150 http fetch GET 200 https://registry.npmjs.org/@esbuild%2flinux-ppc64 83ms (cache miss)
1151 silly packumentCache full:https://registry.npmjs.org/@esbuild%2flinux-ppc64 set size:undefined disposed:false
1152 silly fetch manifest @esbuild/netbsd-arm64@0.25.12
1153 silly packumentCache full:https://registry.npmjs.org/@esbuild%2fnetbsd-arm64 cache-miss
1154 http fetch GET 200 https://registry.npmjs.org/@esbuild%2flinux-s390x 80ms (cache miss)
1155 silly packumentCache full:https://registry.npmjs.org/@esbuild%2flinux-s390x set size:undefined disposed:false
1156 silly fetch manifest @esbuild/android-arm64@0.25.12
1157 silly packumentCache full:https://registry.npmjs.org/@esbuild%2fandroid-arm64 cache-miss
1158 http fetch GET 200 https://registry.npmjs.org/@esbuild%2fwin32-arm64 95ms (cache miss)
1159 silly packumentCache full:https://registry.npmjs.org/@esbuild%2fwin32-arm64 set size:undefined disposed:false
1160 silly fetch manifest @esbuild/freebsd-arm64@0.25.12
1161 silly packumentCache full:https://registry.npmjs.org/@esbuild%2ffreebsd-arm64 cache-miss
1162 http fetch GET 200 https://registry.npmjs.org/@esbuild%2fopenbsd-x64 112ms (cache miss)
1163 silly packumentCache full:https://registry.npmjs.org/@esbuild%2fopenbsd-x64 set size:undefined disposed:false
1164 silly fetch manifest @esbuild/linux-loong64@0.25.12
1165 silly packumentCache full:https://registry.npmjs.org/@esbuild%2flinux-loong64 cache-miss
1166 http fetch GET 200 https://registry.npmjs.org/@esbuild%2fnetbsd-arm64 90ms (cache miss)
1167 silly packumentCache full:https://registry.npmjs.org/@esbuild%2fnetbsd-arm64 set size:undefined disposed:false
1168 silly fetch manifest @esbuild/linux-riscv64@0.25.12
1169 silly packumentCache full:https://registry.npmjs.org/@esbuild%2flinux-riscv64 cache-miss
1170 http fetch GET 200 https://registry.npmjs.org/@esbuild%2fwin32-x64 369ms (cache miss)
1171 silly packumentCache full:https://registry.npmjs.org/@esbuild%2fwin32-x64 set size:undefined disposed:false
1172 silly fetch manifest @esbuild/openbsd-arm64@0.25.12
1173 silly packumentCache full:https://registry.npmjs.org/@esbuild%2fopenbsd-arm64 cache-miss
1174 http fetch GET 200 https://registry.npmjs.org/@esbuild%2fandroid-arm64 88ms (cache miss)
1175 silly packumentCache full:https://registry.npmjs.org/@esbuild%2fandroid-arm64 set size:undefined disposed:false
1176 silly fetch manifest @esbuild/linux-mips64el@0.25.12
1177 silly packumentCache full:https://registry.npmjs.org/@esbuild%2flinux-mips64el cache-miss
1178 http fetch GET 200 https://registry.npmjs.org/@esbuild%2flinux-loong64 100ms (cache miss)
1179 silly packumentCache full:https://registry.npmjs.org/@esbuild%2flinux-loong64 set size:undefined disposed:false
1180 silly fetch manifest @esbuild/openharmony-arm64@0.25.12
1181 silly packumentCache full:https://registry.npmjs.org/@esbuild%2fopenharmony-arm64 cache-miss
1182 http fetch GET 200 https://registry.npmjs.org/@esbuild%2ffreebsd-arm64 111ms (cache miss)
1183 silly packumentCache full:https://registry.npmjs.org/@esbuild%2ffreebsd-arm64 set size:undefined disposed:false
1184 silly fetch manifest nanoid@^3.3.17
1185 silly packumentCache full:https://registry.npmjs.org/nanoid cache-miss
1186 http fetch GET 200 https://registry.npmjs.org/@esbuild%2fopenbsd-arm64 92ms (cache miss)
1187 silly packumentCache full:https://registry.npmjs.org/@esbuild%2fopenbsd-arm64 set size:undefined disposed:false
1188 silly fetch manifest source-map-js@^1.2.1
1189 silly packumentCache full:https://registry.npmjs.org/source-map-js cache-miss
1190 http fetch GET 200 https://registry.npmjs.org/@esbuild%2flinux-riscv64 105ms (cache miss)
1191 silly packumentCache full:https://registry.npmjs.org/@esbuild%2flinux-riscv64 set size:undefined disposed:false
1192 silly fetch manifest @types/estree@1.0.9
1193 silly packumentCache full:https://registry.npmjs.org/@types%2festree cache-miss
1194 http fetch GET 200 https://registry.npmjs.org/@esbuild%2flinux-mips64el 98ms (cache miss)
1195 silly packumentCache full:https://registry.npmjs.org/@esbuild%2flinux-mips64el set size:undefined disposed:false
1196 silly fetch manifest @rollup/rollup-darwin-x64@4.63.1
1197 silly packumentCache full:https://registry.npmjs.org/@rollup%2frollup-darwin-x64 cache-miss
1198 http fetch GET 200 https://registry.npmjs.org/@esbuild%2fandroid-x64 368ms (cache miss)
1199 silly packumentCache full:https://registry.npmjs.org/@esbuild%2fandroid-x64 set size:undefined disposed:false
1200 silly fetch manifest @rollup/rollup-freebsd-x64@4.63.1
1201 silly packumentCache full:https://registry.npmjs.org/@rollup%2frollup-freebsd-x64 cache-miss
1202 http fetch GET 200 https://registry.npmjs.org/@esbuild%2fopenharmony-arm64 80ms (cache miss)
1203 silly packumentCache full:https://registry.npmjs.org/@esbuild%2fopenharmony-arm64 set size:undefined disposed:false
1204 silly fetch manifest @rollup/rollup-openbsd-x64@4.63.1
1205 silly packumentCache full:https://registry.npmjs.org/@rollup%2frollup-openbsd-x64 cache-miss
1206 http fetch GET 200 https://registry.npmjs.org/source-map-js 75ms (cache miss)
1207 silly packumentCache full:https://registry.npmjs.org/source-map-js set size:undefined disposed:false
1208 silly fetch manifest @napi-rs/lzma-linux-x64-gnu@1.5.1
1209 silly packumentCache full:https://registry.npmjs.org/@napi-rs%2flzma-linux-x64-gnu cache-miss
1210 http fetch GET 200 https://registry.npmjs.org/nanoid 98ms (cache miss)
1211 silly packumentCache full:https://registry.npmjs.org/nanoid set size:undefined disposed:false
1212 silly fetch manifest @rollup/rollup-darwin-arm64@4.63.1
1213 silly packumentCache full:https://registry.npmjs.org/@rollup%2frollup-darwin-arm64 cache-miss
1214 http fetch GET 200 https://registry.npmjs.org/@esbuild%2fdarwin-arm64 327ms (cache miss)
1215 silly packumentCache full:https://registry.npmjs.org/@esbuild%2fdarwin-arm64 set size:undefined disposed:false
1216 silly fetch manifest @rollup/rollup-android-arm64@4.63.1
1217 silly packumentCache full:https://registry.npmjs.org/@rollup%2frollup-android-arm64 cache-miss
1218 http fetch GET 200 https://registry.npmjs.org/@rollup%2frollup-darwin-x64 103ms (cache miss)
1219 silly packumentCache full:https://registry.npmjs.org/@rollup%2frollup-darwin-x64 set size:undefined disposed:false
1220 silly fetch manifest @rollup/rollup-freebsd-arm64@4.63.1
1221 silly packumentCache full:https://registry.npmjs.org/@rollup%2frollup-freebsd-arm64 cache-miss
1222 http fetch GET 200 https://registry.npmjs.org/@types%2festree 134ms (cache miss)
1223 silly packumentCache full:https://registry.npmjs.org/@types%2festree set size:undefined disposed:false
1224 silly fetch manifest @rollup/rollup-linux-x64-gnu@4.63.1
1225 silly packumentCache full:https://registry.npmjs.org/@rollup%2frollup-linux-x64-gnu cache-miss
1226 http fetch GET 200 https://registry.npmjs.org/@napi-rs%2flzma-linux-x64-gnu 76ms (cache miss)
1227 silly packumentCache full:https://registry.npmjs.org/@napi-rs%2flzma-linux-x64-gnu set size:undefined disposed:false
1228 silly fetch manifest @rollup/rollup-win32-x64-gnu@4.63.1
1229 silly packumentCache full:https://registry.npmjs.org/@rollup%2frollup-win32-x64-gnu cache-miss
1230 http fetch GET 200 https://registry.npmjs.org/@rollup%2frollup-openbsd-x64 91ms (cache miss)
1231 silly packumentCache full:https://registry.npmjs.org/@rollup%2frollup-openbsd-x64 set size:undefined disposed:false
1232 silly fetch manifest @rollup/rollup-linux-x64-musl@4.63.1
1233 silly packumentCache full:https://registry.npmjs.org/@rollup%2frollup-linux-x64-musl cache-miss
1234 http fetch GET 200 https://registry.npmjs.org/@rollup%2frollup-darwin-arm64 86ms (cache miss)
1235 silly packumentCache full:https://registry.npmjs.org/@rollup%2frollup-darwin-arm64 set size:undefined disposed:false
1236 silly fetch manifest @rollup/rollup-win32-x64-msvc@4.63.1
1237 silly packumentCache full:https://registry.npmjs.org/@rollup%2frollup-win32-x64-msvc cache-miss
1238 http fetch GET 200 https://registry.npmjs.org/@rollup%2frollup-android-arm64 83ms (cache miss)
1239 silly packumentCache full:https://registry.npmjs.org/@rollup%2frollup-android-arm64 set size:undefined disposed:false
1240 silly fetch manifest @rollup/rollup-linux-arm64-gnu@4.63.1
1241 silly packumentCache full:https://registry.npmjs.org/@rollup%2frollup-linux-arm64-gnu cache-miss
1242 http fetch GET 200 https://registry.npmjs.org/@rollup%2frollup-win32-x64-gnu 77ms (cache miss)
1243 silly packumentCache full:https://registry.npmjs.org/@rollup%2frollup-win32-x64-gnu set size:undefined disposed:false
1244 silly fetch manifest @rollup/rollup-linux-ppc64-gnu@4.63.1
1245 silly packumentCache full:https://registry.npmjs.org/@rollup%2frollup-linux-ppc64-gnu cache-miss
1246 http fetch GET 200 https://registry.npmjs.org/@rollup%2frollup-linux-x64-musl 95ms (cache miss)
1247 silly packumentCache full:https://registry.npmjs.org/@rollup%2frollup-linux-x64-musl set size:undefined disposed:false
1248 silly fetch manifest @rollup/rollup-linux-s390x-gnu@4.63.1
1249 silly packumentCache full:https://registry.npmjs.org/@rollup%2frollup-linux-s390x-gnu cache-miss
1250 http fetch GET 200 https://registry.npmjs.org/@rollup%2frollup-win32-x64-msvc 87ms (cache miss)
1251 silly packumentCache full:https://registry.npmjs.org/@rollup%2frollup-win32-x64-msvc set size:undefined disposed:false
1252 silly fetch manifest @rollup/rollup-win32-ia32-msvc@4.63.1
1253 silly packumentCache full:https://registry.npmjs.org/@rollup%2frollup-win32-ia32-msvc cache-miss
1254 http fetch GET 200 https://registry.npmjs.org/@rollup%2frollup-linux-arm64-gnu 86ms (cache miss)
1255 silly packumentCache full:https://registry.npmjs.org/@rollup%2frollup-linux-arm64-gnu set size:undefined disposed:false
1256 silly fetch manifest @rollup/rollup-android-arm-eabi@4.63.1
1257 silly packumentCache full:https://registry.npmjs.org/@rollup%2frollup-android-arm-eabi cache-miss
1258 http fetch GET 200 https://registry.npmjs.org/@rollup%2frollup-linux-ppc64-gnu 79ms (cache miss)
1259 silly packumentCache full:https://registry.npmjs.org/@rollup%2frollup-linux-ppc64-gnu set size:undefined disposed:false
1260 silly fetch manifest @rollup/rollup-linux-arm64-musl@4.63.1
1261 silly packumentCache full:https://registry.npmjs.org/@rollup%2frollup-linux-arm64-musl cache-miss
1262 http fetch GET 200 https://registry.npmjs.org/@rollup%2frollup-linux-s390x-gnu 78ms (cache miss)
1263 silly packumentCache full:https://registry.npmjs.org/@rollup%2frollup-linux-s390x-gnu set size:undefined disposed:false
1264 silly fetch manifest @rollup/rollup-linux-ppc64-musl@4.63.1
1265 silly packumentCache full:https://registry.npmjs.org/@rollup%2frollup-linux-ppc64-musl cache-miss
1266 http fetch GET 200 https://registry.npmjs.org/@rollup%2frollup-win32-ia32-msvc 98ms (cache miss)
1267 silly packumentCache full:https://registry.npmjs.org/@rollup%2frollup-win32-ia32-msvc set size:undefined disposed:false
1268 silly fetch manifest @rollup/rollup-win32-arm64-msvc@4.63.1
1269 silly packumentCache full:https://registry.npmjs.org/@rollup%2frollup-win32-arm64-msvc cache-miss
1270 http fetch GET 200 https://registry.npmjs.org/@rollup%2frollup-android-arm-eabi 99ms (cache miss)
1271 silly packumentCache full:https://registry.npmjs.org/@rollup%2frollup-android-arm-eabi set size:undefined disposed:false
1272 silly fetch manifest @rollup/rollup-linux-loong64-gnu@4.63.1
1273 silly packumentCache full:https://registry.npmjs.org/@rollup%2frollup-linux-loong64-gnu cache-miss
1274 http fetch GET 200 https://registry.npmjs.org/@rollup%2frollup-linux-arm64-musl 94ms (cache miss)
1275 silly packumentCache full:https://registry.npmjs.org/@rollup%2frollup-linux-arm64-musl set size:undefined disposed:false
1276 silly fetch manifest @rollup/rollup-linux-riscv64-gnu@4.63.1
1277 silly packumentCache full:https://registry.npmjs.org/@rollup%2frollup-linux-riscv64-gnu cache-miss
1278 http fetch GET 200 https://registry.npmjs.org/@rollup%2frollup-linux-ppc64-musl 96ms (cache miss)
1279 silly packumentCache full:https://registry.npmjs.org/@rollup%2frollup-linux-ppc64-musl set size:undefined disposed:false
1280 silly fetch manifest @rollup/rollup-openharmony-arm64@4.63.1
1281 silly packumentCache full:https://registry.npmjs.org/@rollup%2frollup-openharmony-arm64 cache-miss
1282 http fetch GET 200 https://registry.npmjs.org/@rollup%2frollup-linux-loong64-gnu 72ms (cache miss)
1283 silly packumentCache full:https://registry.npmjs.org/@rollup%2frollup-linux-loong64-gnu set size:undefined disposed:false
1284 silly fetch manifest @rollup/rollup-linux-loong64-musl@4.63.1
1285 silly packumentCache full:https://registry.npmjs.org/@rollup%2frollup-linux-loong64-musl cache-miss
1286 http fetch GET 200 https://registry.npmjs.org/@rollup%2frollup-win32-arm64-msvc 105ms (cache miss)
1287 silly packumentCache full:https://registry.npmjs.org/@rollup%2frollup-win32-arm64-msvc set size:undefined disposed:false
1288 silly fetch manifest @rollup/rollup-linux-riscv64-musl@4.63.1
1289 silly packumentCache full:https://registry.npmjs.org/@rollup%2frollup-linux-riscv64-musl cache-miss
1290 http fetch GET 200 https://registry.npmjs.org/@rollup%2frollup-openharmony-arm64 73ms (cache miss)
1291 silly packumentCache full:https://registry.npmjs.org/@rollup%2frollup-openharmony-arm64 set size:undefined disposed:false
1292 silly fetch manifest @rollup/rollup-linux-arm-gnueabihf@4.63.1
1293 silly packumentCache full:https://registry.npmjs.org/@rollup%2frollup-linux-arm-gnueabihf cache-miss
1294 http fetch GET 200 https://registry.npmjs.org/@rollup%2frollup-linux-riscv64-gnu 99ms (cache miss)
1295 silly packumentCache full:https://registry.npmjs.org/@rollup%2frollup-linux-riscv64-gnu set size:undefined disposed:false
1296 silly fetch manifest @rollup/rollup-linux-arm-musleabihf@4.63.1
1297 silly packumentCache full:https://registry.npmjs.org/@rollup%2frollup-linux-arm-musleabihf cache-miss
1298 http fetch GET 200 https://registry.npmjs.org/@rollup%2frollup-linux-loong64-musl 74ms (cache miss)
1299 silly packumentCache full:https://registry.npmjs.org/@rollup%2frollup-linux-loong64-musl set size:undefined disposed:false
1300 http fetch GET 200 https://registry.npmjs.org/@rollup%2frollup-linux-riscv64-musl 83ms (cache miss)
1301 silly packumentCache full:https://registry.npmjs.org/@rollup%2frollup-linux-riscv64-musl set size:undefined disposed:false
1302 http fetch GET 200 https://registry.npmjs.org/@rollup%2frollup-linux-arm-musleabihf 80ms (cache miss)
1303 silly packumentCache full:https://registry.npmjs.org/@rollup%2frollup-linux-arm-musleabihf set size:undefined disposed:false
1304 http fetch GET 200 https://registry.npmjs.org/@rollup%2frollup-linux-arm-gnueabihf 100ms (cache miss)
1305 silly packumentCache full:https://registry.npmjs.org/@rollup%2frollup-linux-arm-gnueabihf set size:undefined disposed:false
1306 http fetch GET 200 https://registry.npmjs.org/@rollup%2frollup-freebsd-arm64 596ms (cache miss)
1307 silly packumentCache full:https://registry.npmjs.org/@rollup%2frollup-freebsd-arm64 set size:undefined disposed:false
1308 http fetch GET 200 https://registry.npmjs.org/@rollup%2frollup-freebsd-x64 870ms (cache miss)
1309 silly packumentCache full:https://registry.npmjs.org/@rollup%2frollup-freebsd-x64 set size:undefined disposed:false
1310 http fetch GET 200 https://registry.npmjs.org/@rollup%2frollup-linux-x64-gnu 812ms (cache miss)
1311 silly packumentCache full:https://registry.npmjs.org/@rollup%2frollup-linux-x64-gnu set size:undefined disposed:false
1312 silly placeDep ROOT @esbuild/aix-ppc64@0.25.12 OK for: esbuild@0.25.12 want: 0.25.12
1313 silly placeDep ROOT @esbuild/android-arm@0.25.12 OK for: esbuild@0.25.12 want: 0.25.12
1314 silly placeDep ROOT @esbuild/android-arm64@0.25.12 OK for: esbuild@0.25.12 want: 0.25.12
1315 silly placeDep ROOT @esbuild/android-x64@0.25.12 OK for: esbuild@0.25.12 want: 0.25.12
1316 silly placeDep ROOT @esbuild/darwin-arm64@0.25.12 OK for: esbuild@0.25.12 want: 0.25.12
1317 silly placeDep ROOT @esbuild/darwin-x64@0.25.12 OK for: esbuild@0.25.12 want: 0.25.12
1318 silly placeDep ROOT @esbuild/freebsd-arm64@0.25.12 OK for: esbuild@0.25.12 want: 0.25.12
1319 silly placeDep ROOT @esbuild/freebsd-x64@0.25.12 OK for: esbuild@0.25.12 want: 0.25.12
1320 silly placeDep ROOT @esbuild/linux-arm@0.25.12 OK for: esbuild@0.25.12 want: 0.25.12
1321 silly placeDep ROOT @esbuild/linux-arm64@0.25.12 OK for: esbuild@0.25.12 want: 0.25.12
1322 silly placeDep ROOT @esbuild/linux-ia32@0.25.12 OK for: esbuild@0.25.12 want: 0.25.12
1323 silly placeDep ROOT @esbuild/linux-loong64@0.25.12 OK for: esbuild@0.25.12 want: 0.25.12
1324 silly placeDep ROOT @esbuild/linux-mips64el@0.25.12 OK for: esbuild@0.25.12 want: 0.25.12
1325 silly placeDep ROOT @esbuild/linux-ppc64@0.25.12 OK for: esbuild@0.25.12 want: 0.25.12
1326 silly placeDep ROOT @esbuild/linux-riscv64@0.25.12 OK for: esbuild@0.25.12 want: 0.25.12
1327 silly placeDep ROOT @esbuild/linux-s390x@0.25.12 OK for: esbuild@0.25.12 want: 0.25.12
1328 silly placeDep ROOT @esbuild/linux-x64@0.25.12 OK for: esbuild@0.25.12 want: 0.25.12
1329 silly placeDep ROOT @esbuild/netbsd-arm64@0.25.12 OK for: esbuild@0.25.12 want: 0.25.12
1330 silly placeDep ROOT @esbuild/netbsd-x64@0.25.12 OK for: esbuild@0.25.12 want: 0.25.12
1331 silly placeDep ROOT @esbuild/openbsd-arm64@0.25.12 OK for: esbuild@0.25.12 want: 0.25.12
1332 silly placeDep ROOT @esbuild/openbsd-x64@0.25.12 OK for: esbuild@0.25.12 want: 0.25.12
1333 silly placeDep ROOT @esbuild/openharmony-arm64@0.25.12 OK for: esbuild@0.25.12 want: 0.25.12
1334 silly placeDep ROOT @esbuild/sunos-x64@0.25.12 OK for: esbuild@0.25.12 want: 0.25.12
1335 silly placeDep ROOT @esbuild/win32-arm64@0.25.12 OK for: esbuild@0.25.12 want: 0.25.12
1336 silly placeDep ROOT @esbuild/win32-ia32@0.25.12 OK for: esbuild@0.25.12 want: 0.25.12
1337 silly placeDep ROOT @esbuild/win32-x64@0.25.12 OK for: esbuild@0.25.12 want: 0.25.12
1338 silly placeDep ROOT nanoid@3.3.18 OK for: postcss@8.5.26 want: ^3.3.17
1339 silly placeDep ROOT source-map-js@1.2.1 OK for: postcss@8.5.26 want: ^1.2.1
1340 silly placeDep ROOT @napi-rs/lzma-linux-x64-gnu@1.5.1 OK for: rollup@4.63.1 want: 1.5.1
1341 silly placeDep ROOT @rollup/rollup-android-arm-eabi@4.63.1 OK for: rollup@4.63.1 want: 4.63.1
1342 silly placeDep ROOT @rollup/rollup-android-arm64@4.63.1 OK for: rollup@4.63.1 want: 4.63.1
1343 silly placeDep ROOT @rollup/rollup-darwin-arm64@4.63.1 OK for: rollup@4.63.1 want: 4.63.1
1344 silly placeDep ROOT @rollup/rollup-darwin-x64@4.63.1 OK for: rollup@4.63.1 want: 4.63.1
1345 silly placeDep ROOT @rollup/rollup-freebsd-arm64@4.63.1 OK for: rollup@4.63.1 want: 4.63.1
1346 silly placeDep ROOT @rollup/rollup-freebsd-x64@4.63.1 OK for: rollup@4.63.1 want: 4.63.1
1347 silly placeDep ROOT @rollup/rollup-linux-arm-gnueabihf@4.63.1 OK for: rollup@4.63.1 want: 4.63.1
1348 silly placeDep ROOT @rollup/rollup-linux-arm-musleabihf@4.63.1 OK for: rollup@4.63.1 want: 4.63.1
1349 silly placeDep ROOT @rollup/rollup-linux-arm64-gnu@4.63.1 OK for: rollup@4.63.1 want: 4.63.1
1350 silly placeDep ROOT @rollup/rollup-linux-arm64-musl@4.63.1 OK for: rollup@4.63.1 want: 4.63.1
1351 silly placeDep ROOT @rollup/rollup-linux-loong64-gnu@4.63.1 OK for: rollup@4.63.1 want: 4.63.1
1352 silly placeDep ROOT @rollup/rollup-linux-loong64-musl@4.63.1 OK for: rollup@4.63.1 want: 4.63.1
1353 silly placeDep ROOT @rollup/rollup-linux-ppc64-gnu@4.63.1 OK for: rollup@4.63.1 want: 4.63.1
1354 silly placeDep ROOT @rollup/rollup-linux-ppc64-musl@4.63.1 OK for: rollup@4.63.1 want: 4.63.1
1355 silly placeDep ROOT @rollup/rollup-linux-riscv64-gnu@4.63.1 OK for: rollup@4.63.1 want: 4.63.1
1356 silly placeDep ROOT @rollup/rollup-linux-riscv64-musl@4.63.1 OK for: rollup@4.63.1 want: 4.63.1
1357 silly placeDep ROOT @rollup/rollup-linux-s390x-gnu@4.63.1 OK for: rollup@4.63.1 want: 4.63.1
1358 silly placeDep ROOT @rollup/rollup-linux-x64-gnu@4.63.1 OK for: rollup@4.63.1 want: 4.63.1
1359 silly placeDep ROOT @rollup/rollup-linux-x64-musl@4.63.1 OK for: rollup@4.63.1 want: 4.63.1
1360 silly placeDep ROOT @rollup/rollup-openbsd-x64@4.63.1 OK for: rollup@4.63.1 want: 4.63.1
1361 silly placeDep ROOT @rollup/rollup-openharmony-arm64@4.63.1 OK for: rollup@4.63.1 want: 4.63.1
1362 silly placeDep ROOT @rollup/rollup-win32-arm64-msvc@4.63.1 OK for: rollup@4.63.1 want: 4.63.1
1363 silly placeDep ROOT @rollup/rollup-win32-ia32-msvc@4.63.1 OK for: rollup@4.63.1 want: 4.63.1
1364 silly placeDep ROOT @rollup/rollup-win32-x64-gnu@4.63.1 OK for: rollup@4.63.1 want: 4.63.1
1365 silly placeDep ROOT @rollup/rollup-win32-x64-msvc@4.63.1 OK for: rollup@4.63.1 want: 4.63.1
1366 silly placeDep ROOT @types/estree@1.0.9 OK for: rollup@4.63.1 want: 1.0.9
1367 silly placeDep node_modules/body-parser ms@2.0.0 OK for: debug@2.6.9 want: 2.0.0
1368 silly placeDep node_modules/express ms@2.0.0 OK for: debug@2.6.9 want: 2.0.0
1369 silly placeDep node_modules/finalhandler ms@2.0.0 OK for: debug@2.6.9 want: 2.0.0
1370 silly placeDep node_modules/send/node_modules/debug ms@2.0.0 OK for: debug@2.6.9 want: 2.0.0
1371 silly reify moves {}
1372 silly audit bulk request {
1372 silly audit   concurrently: [ '9.2.4' ],
1372 silly audit   chalk: [ '4.1.2' ],
1372 silly audit   rxjs: [ '7.8.2' ],
1372 silly audit   'shell-quote': [ '1.9.0' ],
1372 silly audit   'supports-color': [ '8.1.1', '7.2.0' ],
1372 silly audit   'tree-kill': [ '1.2.2' ],
1372 silly audit   yargs: [ '17.7.2' ],
1372 silly audit   'ansi-styles': [ '4.3.0' ],
1372 silly audit   'color-convert': [ '2.0.1' ],
1372 silly audit   'color-name': [ '1.1.4' ],
1372 silly audit   tslib: [ '2.8.1' ],
1372 silly audit   'has-flag': [ '4.0.0' ],
1372 silly audit   cliui: [ '8.0.1' ],
1372 silly audit   escalade: [ '3.2.0' ],
1372 silly audit   'get-caller-file': [ '2.0.5' ],
1372 silly audit   'require-directory': [ '2.1.1' ],
1372 silly audit   'string-width': [ '4.2.3' ],
1372 silly audit   y18n: [ '5.0.8' ],
1372 silly audit   'yargs-parser': [ '21.1.1' ],
1372 silly audit   'strip-ansi': [ '6.0.1' ],
1372 silly audit   'wrap-ansi': [ '7.0.0' ],
1372 silly audit   'emoji-regex': [ '8.0.0' ],
1372 silly audit   'is-fullwidth-code-point': [ '3.0.0' ],
1372 silly audit   'ansi-regex': [ '5.0.1' ],
1372 silly audit   '@vitejs/plugin-react': [ '4.7.0' ],
1372 silly audit   vite: [ '6.4.3' ],
1372 silly audit   'lucide-react': [ '0.468.0' ],
1372 silly audit   react: [ '18.3.1' ],
1372 silly audit   'react-dom': [ '18.3.1' ],
1372 silly audit   bcryptjs: [ '2.4.3' ],
1372 silly audit   cors: [ '2.8.6' ],
1372 silly audit   dotenv: [ '16.6.1' ],
1372 silly audit   express: [ '4.22.2' ],
1372 silly audit   'express-validator': [ '7.3.2' ],
1372 silly audit   jsonwebtoken: [ '9.0.3' ],
1372 silly audit   mysql2: [ '3.24.2' ],
1372 silly audit   '@types/node': [ '26.4.0' ],
1372 silly audit   'undici-types': [ '8.3.0' ],
1372 silly audit   '@babel/core': [ '7.29.7' ],
1372 silly audit   '@babel/plugin-transform-react-jsx-self': [ '7.29.7' ],
1372 silly audit   '@babel/plugin-transform-react-jsx-source': [ '7.29.7' ],
1372 silly audit   '@rolldown/pluginutils': [ '1.0.0-beta.27' ],
1372 silly audit   '@types/babel__core': [ '7.20.5' ],
1372 silly audit   'react-refresh': [ '0.17.0' ],
1372 silly audit   '@babel/code-frame': [ '7.29.7' ],
1372 silly audit   '@babel/generator': [ '7.29.8' ],
1372 silly audit   '@babel/helper-compilation-targets': [ '7.29.7' ],
1372 silly audit   '@babel/helper-module-transforms': [ '7.29.7' ],
1372 silly audit   '@babel/helpers': [ '7.29.7' ],
1372 silly audit   '@babel/parser': [ '7.29.8' ],
1372 silly audit   '@babel/template': [ '7.29.7' ],
1372 silly audit   '@babel/traverse': [ '7.29.8' ],
1372 silly audit   '@babel/types': [ '7.29.8' ],
1372 silly audit   '@jridgewell/remapping': [ '2.3.5' ],
1372 silly audit   'convert-source-map': [ '2.0.0' ],
1372 silly audit   debug: [ '4.4.3', '2.6.9' ],
1372 silly audit   gensync: [ '1.0.0-beta.2' ],
1372 silly audit   json5: [ '2.2.3' ],
1372 silly audit   semver: [ '6.3.1', '7.8.5' ],
1372 silly audit   '@babel/helper-validator-identifier': [ '7.29.7' ],
1372 silly audit   'js-tokens': [ '4.0.0' ],
1372 silly audit   picocolors: [ '1.1.1' ],
1372 silly audit   '@jridgewell/gen-mapping': [ '0.3.13' ],
1372 silly audit   '@jridgewell/trace-mapping': [ '0.3.31' ],
1372 silly audit   jsesc: [ '3.1.0' ],
1372 silly audit   '@babel/compat-data': [ '7.29.7' ],
1372 silly audit   '@babel/helper-validator-option': [ '7.29.7' ],
1372 silly audit   browserslist: [ '4.28.8' ],
1372 silly audit   'lru-cache': [ '5.1.1' ],
1372 silly audit   '@babel/helper-module-imports': [ '7.29.7' ],
1372 silly audit   '@babel/helper-plugin-utils': [ '7.29.7' ],
1372 silly audit   '@babel/helper-globals': [ '7.29.7' ],
1372 silly audit   '@babel/helper-string-parser': [ '7.29.7' ],
1372 silly audit   '@jridgewell/sourcemap-codec': [ '1.6.0' ],
1372 silly audit   '@jridgewell/resolve-uri': [ '3.1.2' ],
1372 silly audit   '@types/babel__generator': [ '7.27.0' ],
1372 silly audit   '@types/babel__template': [ '7.4.4' ],
1372 silly audit   '@types/babel__traverse': [ '7.28.0' ],
1372 silly audit   'baseline-browser-mapping': [ '2.11.20' ],
1372 silly audit   'caniuse-lite': [ '1.0.30001810' ],
1372 silly audit   'electron-to-chromium': [ '1.5.416' ],
1372 silly audit   'node-releases': [ '2.0.54' ],
1372 silly audit   'update-browserslist-db': [ '1.3.2' ],
1372 silly audit   'object-assign': [ '4.1.1' ],
1372 silly audit   vary: [ '1.1.2' ],
1372 silly audit   ms: [ '2.1.3', '2.0.0' ],
1372 silly audit   accepts: [ '1.3.8' ],
1372 silly audit   'array-flatten': [ '1.1.1' ],
1372 silly audit   'body-parser': [ '1.20.6' ],
1372 silly audit   'content-disposition': [ '0.5.4' ],
1372 silly audit   'content-type': [ '1.0.5' ],
1372 silly audit   cookie: [ '0.7.2' ],
1372 silly audit   'cookie-signature': [ '1.0.7' ],
1372 silly audit   depd: [ '2.0.0' ],
1372 silly audit   encodeurl: [ '2.0.0' ],
1372 silly audit   'escape-html': [ '1.0.3' ],
1372 silly audit   etag: [ '1.8.1' ],
1372 silly audit   finalhandler: [ '1.3.2' ],
1372 silly audit   fresh: [ '0.5.2' ],
1372 silly audit   'http-errors': [ '2.0.1' ],
1372 silly audit   'merge-descriptors': [ '1.0.3' ],
1372 silly audit   methods: [ '1.1.2' ],
1372 silly audit   'on-finished': [ '2.4.1' ],
1372 silly audit   parseurl: [ '1.3.3' ],
1372 silly audit   'path-to-regexp': [ '0.1.13' ],
1372 silly audit   'proxy-addr': [ '2.0.7' ],
1372 silly audit   qs: [ '6.15.3' ],
1372 silly audit   'range-parser': [ '1.2.1' ],
1372 silly audit   'safe-buffer': [ '5.2.1' ],
1372 silly audit   send: [ '0.19.2' ],
1372 silly audit   'serve-static': [ '1.16.3' ],
1372 silly audit   setprototypeof: [ '1.2.0' ],
1372 silly audit   statuses: [ '2.0.2' ],
1372 silly audit   'type-is': [ '1.6.18' ],
1372 silly audit   'utils-merge': [ '1.0.1' ],
1372 silly audit   'mime-types': [ '2.1.35' ],
1372 silly audit   negotiator: [ '0.6.3' ],
1372 silly audit   bytes: [ '3.1.2' ],
1372 silly audit   destroy: [ '1.2.0' ],
1372 silly audit   'iconv-lite': [ '0.4.24', '0.7.3' ],
1372 silly audit   'raw-body': [ '2.5.3' ],
1372 silly audit   unpipe: [ '1.0.0' ],
1372 silly audit   lodash: [ '4.18.1' ],
1372 silly audit   validator: [ '13.15.35' ],
1372 silly audit   inherits: [ '2.0.4' ],
1372 silly audit   toidentifier: [ '1.0.1' ],
1372 silly audit   'safer-buffer': [ '2.1.2' ],
1372 silly audit   jws: [ '4.0.1' ],
1372 silly audit   'lodash.includes': [ '4.3.0' ],
1372 silly audit   'lodash.isboolean': [ '3.0.3' ],
1372 silly audit   'lodash.isinteger': [ '4.0.4' ],
1372 silly audit   'lodash.isnumber': [ '3.0.3' ],
1372 silly audit   'lodash.isplainobject': [ '4.0.6' ],
1372 silly audit   'lodash.isstring': [ '4.0.1' ],
1372 silly audit   'lodash.once': [ '4.1.1' ],
1372 silly audit   jwa: [ '2.0.1' ],
1372 silly audit   'buffer-equal-constant-time': [ '1.0.1' ],
1372 silly audit   'ecdsa-sig-formatter': [ '1.0.11' ],
1372 silly audit   yallist: [ '3.1.1' ],
1372 silly audit   'mime-db': [ '1.52.0' ],
1372 silly audit   'aws-ssl-profiles': [ '1.1.2' ],
1372 silly audit   'generate-function': [ '2.3.1' ],
1372 silly audit   long: [ '5.3.2' ],
1372 silly audit   'lru.min': [ '1.1.4' ],
1372 silly audit   'named-placeholders': [ '1.1.6' ],
1372 silly audit   'sql-escaper': [ '1.5.1' ],
1372 silly audit   'is-property': [ '1.0.2' ],
1372 silly audit   'ee-first': [ '1.1.1' ],
1372 silly audit   forwarded: [ '0.2.0' ],
1372 silly audit   'ipaddr.js': [ '1.9.1' ],
1372 silly audit   'es-define-property': [ '1.0.1' ],
1372 silly audit   'side-channel': [ '1.1.1' ],
1372 silly audit   'loose-envify': [ '1.4.0' ],
1372 silly audit   scheduler: [ '0.23.2' ],
1372 silly audit   mime: [ '1.6.0' ],
1372 silly audit   'es-errors': [ '1.3.0' ],
1372 silly audit   'object-inspect': [ '1.13.4' ],
1372 silly audit   'side-channel-list': [ '1.0.1' ],
1372 silly audit   'side-channel-map': [ '1.0.1' ],
1372 silly audit   'side-channel-weakmap': [ '1.0.2' ],
1372 silly audit   'call-bound': [ '1.0.4' ],
1372 silly audit   'get-intrinsic': [ '1.3.0' ],
1372 silly audit   'call-bind-apply-helpers': [ '1.0.2' ],
1372 silly audit   'function-bind': [ '1.1.2' ],
1372 silly audit   'es-object-atoms': [ '1.1.2' ],
1372 silly audit   'get-proto': [ '1.0.1' ],
1372 silly audit   gopd: [ '1.2.0' ],
1372 silly audit   'has-symbols': [ '1.1.0' ],
1372 silly audit   hasown: [ '2.0.4' ],
1372 silly audit   'math-intrinsics': [ '1.1.0' ],
1372 silly audit   'dunder-proto': [ '1.0.1' ],
1372 silly audit   'media-typer': [ '0.3.0' ],
1372 silly audit   esbuild: [ '0.25.12' ],
1372 silly audit   fdir: [ '6.5.0' ],
1372 silly audit   fsevents: [ '2.3.3' ],
1372 silly audit   picomatch: [ '4.0.7' ],
1372 silly audit   postcss: [ '8.5.26' ],
1372 silly audit   rollup: [ '4.63.1' ],
1372 silly audit   tinyglobby: [ '0.2.17' ],
1372 silly audit   '@esbuild/aix-ppc64': [ '0.25.12' ],
1372 silly audit   '@esbuild/android-arm': [ '0.25.12' ],
1372 silly audit   '@esbuild/android-arm64': [ '0.25.12' ],
1372 silly audit   '@esbuild/android-x64': [ '0.25.12' ],
1372 silly audit   '@esbuild/darwin-arm64': [ '0.25.12' ],
1372 silly audit   '@esbuild/darwin-x64': [ '0.25.12' ],
1372 silly audit   '@esbuild/freebsd-arm64': [ '0.25.12' ],
1372 silly audit   '@esbuild/freebsd-x64': [ '0.25.12' ],
1372 silly audit   '@esbuild/linux-arm': [ '0.25.12' ],
1372 silly audit   '@esbuild/linux-arm64': [ '0.25.12' ],
1372 silly audit   '@esbuild/linux-ia32': [ '0.25.12' ],
1372 silly audit   '@esbuild/linux-loong64': [ '0.25.12' ],
1372 silly audit   '@esbuild/linux-mips64el': [ '0.25.12' ],
1372 silly audit   '@esbuild/linux-ppc64': [ '0.25.12' ],
1372 silly audit   '@esbuild/linux-riscv64': [ '0.25.12' ],
1372 silly audit   '@esbuild/linux-s390x': [ '0.25.12' ],
1372 silly audit   '@esbuild/linux-x64': [ '0.25.12' ],
1372 silly audit   '@esbuild/netbsd-arm64': [ '0.25.12' ],
1372 silly audit   '@esbuild/netbsd-x64': [ '0.25.12' ],
1372 silly audit   '@esbuild/openbsd-arm64': [ '0.25.12' ],
1372 silly audit   '@esbuild/openbsd-x64': [ '0.25.12' ],
1372 silly audit   '@esbuild/openharmony-arm64': [ '0.25.12' ],
1372 silly audit   '@esbuild/sunos-x64': [ '0.25.12' ],
1372 silly audit   '@esbuild/win32-arm64': [ '0.25.12' ],
1372 silly audit   '@esbuild/win32-ia32': [ '0.25.12' ],
1372 silly audit   '@esbuild/win32-x64': [ '0.25.12' ],
1372 silly audit   nanoid: [ '3.3.18' ],
1372 silly audit   'source-map-js': [ '1.2.1' ],
1372 silly audit   '@napi-rs/lzma-linux-x64-gnu': [ '1.5.1' ],
1372 silly audit   '@rollup/rollup-android-arm-eabi': [ '4.63.1' ],
1372 silly audit   '@rollup/rollup-android-arm64': [ '4.63.1' ],
1372 silly audit   '@rollup/rollup-darwin-arm64': [ '4.63.1' ],
1372 silly audit   '@rollup/rollup-darwin-x64': [ '4.63.1' ],
1372 silly audit   '@rollup/rollup-freebsd-arm64': [ '4.63.1' ],
1372 silly audit   '@rollup/rollup-freebsd-x64': [ '4.63.1' ],
1372 silly audit   '@rollup/rollup-linux-arm-gnueabihf': [ '4.63.1' ],
1372 silly audit   '@rollup/rollup-linux-arm-musleabihf': [ '4.63.1' ],
1372 silly audit   '@rollup/rollup-linux-arm64-gnu': [ '4.63.1' ],
1372 silly audit   '@rollup/rollup-linux-arm64-musl': [ '4.63.1' ],
1372 silly audit   '@rollup/rollup-linux-loong64-gnu': [ '4.63.1' ],
1372 silly audit   '@rollup/rollup-linux-loong64-musl': [ '4.63.1' ],
1372 silly audit   '@rollup/rollup-linux-ppc64-gnu': [ '4.63.1' ],
1372 silly audit   '@rollup/rollup-linux-ppc64-musl': [ '4.63.1' ],
1372 silly audit   '@rollup/rollup-linux-riscv64-gnu': [ '4.63.1' ],
1372 silly audit   '@rollup/rollup-linux-riscv64-musl': [ '4.63.1' ],
1372 silly audit   '@rollup/rollup-linux-s390x-gnu': [ '4.63.1' ],
1372 silly audit   '@rollup/rollup-linux-x64-gnu': [ '4.63.1' ],
1372 silly audit   '@rollup/rollup-linux-x64-musl': [ '4.63.1' ],
1372 silly audit   '@rollup/rollup-openbsd-x64': [ '4.63.1' ],
1372 silly audit   '@rollup/rollup-openharmony-arm64': [ '4.63.1' ],
1372 silly audit   '@rollup/rollup-win32-arm64-msvc': [ '4.63.1' ],
1372 silly audit   '@rollup/rollup-win32-ia32-msvc': [ '4.63.1' ],
1372 silly audit   '@rollup/rollup-win32-x64-gnu': [ '4.63.1' ],
1372 silly audit   '@rollup/rollup-win32-x64-msvc': [ '4.63.1' ],
1372 silly audit   '@types/estree': [ '1.0.9' ]
1372 silly audit }
1373 http cache @types/estree@https://registry.npmjs.org/@types/estree/-/estree-1.0.9.tgz 0ms (cache hit)
1374 http cache @rollup/rollup-win32-x64-msvc@https://registry.npmjs.org/@rollup/rollup-win32-x64-msvc/-/rollup-win32-x64-msvc-4.63.1.tgz 0ms (cache hit)
1375 http cache @esbuild/win32-x64@https://registry.npmjs.org/@esbuild/win32-x64/-/win32-x64-0.25.12.tgz 0ms (cache hit)
1376 http cache nanoid@https://registry.npmjs.org/nanoid/-/nanoid-3.3.18.tgz 0ms (cache hit)
1377 http cache source-map-js@https://registry.npmjs.org/source-map-js/-/source-map-js-1.2.1.tgz 0ms (cache hit)
1378 http cache tinyglobby@https://registry.npmjs.org/tinyglobby/-/tinyglobby-0.2.17.tgz 0ms (cache hit)
1379 http cache rollup@https://registry.npmjs.org/rollup/-/rollup-4.63.1.tgz 0ms (cache hit)
1380 http cache @rollup/rollup-win32-x64-gnu@https://registry.npmjs.org/@rollup/rollup-win32-x64-gnu/-/rollup-win32-x64-gnu-4.63.1.tgz 0ms (cache hit)
1381 http cache fdir@https://registry.npmjs.org/fdir/-/fdir-6.5.0.tgz 0ms (cache hit)
1382 http cache postcss@https://registry.npmjs.org/postcss/-/postcss-8.5.26.tgz 0ms (cache hit)
1383 http cache picomatch@https://registry.npmjs.org/picomatch/-/picomatch-4.0.7.tgz 0ms (cache hit)
1384 http cache esbuild@https://registry.npmjs.org/esbuild/-/esbuild-0.25.12.tgz 0ms (cache hit)
1385 http cache has-symbols@https://registry.npmjs.org/has-symbols/-/has-symbols-1.1.0.tgz 0ms (cache hit)
1386 http cache media-typer@https://registry.npmjs.org/media-typer/-/media-typer-0.3.0.tgz 0ms (cache hit)
1387 http cache dunder-proto@https://registry.npmjs.org/dunder-proto/-/dunder-proto-1.0.1.tgz 0ms (cache hit)
1388 http cache hasown@https://registry.npmjs.org/hasown/-/hasown-2.0.4.tgz 0ms (cache hit)
1389 http cache math-intrinsics@https://registry.npmjs.org/math-intrinsics/-/math-intrinsics-1.1.0.tgz 0ms (cache hit)
1390 http cache gopd@https://registry.npmjs.org/gopd/-/gopd-1.2.0.tgz 0ms (cache hit)
1391 http cache get-proto@https://registry.npmjs.org/get-proto/-/get-proto-1.0.1.tgz 0ms (cache hit)
1392 http cache es-object-atoms@https://registry.npmjs.org/es-object-atoms/-/es-object-atoms-1.1.2.tgz 0ms (cache hit)
1393 http cache function-bind@https://registry.npmjs.org/function-bind/-/function-bind-1.1.2.tgz 0ms (cache hit)
1394 http cache call-bind-apply-helpers@https://registry.npmjs.org/call-bind-apply-helpers/-/call-bind-apply-helpers-1.0.2.tgz 0ms (cache hit)
1395 http cache call-bound@https://registry.npmjs.org/call-bound/-/call-bound-1.0.4.tgz 0ms (cache hit)
1396 http cache get-intrinsic@https://registry.npmjs.org/get-intrinsic/-/get-intrinsic-1.3.0.tgz 0ms (cache hit)
1397 http cache side-channel-weakmap@https://registry.npmjs.org/side-channel-weakmap/-/side-channel-weakmap-1.0.2.tgz 0ms (cache hit)
1398 http cache side-channel-list@https://registry.npmjs.org/side-channel-list/-/side-channel-list-1.0.1.tgz 0ms (cache hit)
1399 http cache object-inspect@https://registry.npmjs.org/object-inspect/-/object-inspect-1.13.4.tgz 0ms (cache hit)
1400 http cache side-channel-map@https://registry.npmjs.org/side-channel-map/-/side-channel-map-1.0.1.tgz 0ms (cache hit)
1401 http cache scheduler@https://registry.npmjs.org/scheduler/-/scheduler-0.23.2.tgz 0ms (cache hit)
1402 http cache es-errors@https://registry.npmjs.org/es-errors/-/es-errors-1.3.0.tgz 0ms (cache hit)
1403 http cache loose-envify@https://registry.npmjs.org/loose-envify/-/loose-envify-1.4.0.tgz 0ms (cache hit)
1404 http cache mime@https://registry.npmjs.org/mime/-/mime-1.6.0.tgz 0ms (cache hit)
1405 http cache ipaddr.js@https://registry.npmjs.org/ipaddr.js/-/ipaddr.js-1.9.1.tgz 0ms (cache hit)
1406 http cache side-channel@https://registry.npmjs.org/side-channel/-/side-channel-1.1.1.tgz 0ms (cache hit)
1407 http cache es-define-property@https://registry.npmjs.org/es-define-property/-/es-define-property-1.0.1.tgz 0ms (cache hit)
1408 http cache forwarded@https://registry.npmjs.org/forwarded/-/forwarded-0.2.0.tgz 0ms (cache hit)
1409 http cache sql-escaper@https://registry.npmjs.org/sql-escaper/-/sql-escaper-1.5.1.tgz 0ms (cache hit)
1410 http cache ee-first@https://registry.npmjs.org/ee-first/-/ee-first-1.1.1.tgz 0ms (cache hit)
1411 http cache is-property@https://registry.npmjs.org/is-property/-/is-property-1.0.2.tgz 0ms (cache hit)
1412 http cache lru.min@https://registry.npmjs.org/lru.min/-/lru.min-1.1.4.tgz 0ms (cache hit)
1413 http cache long@https://registry.npmjs.org/long/-/long-5.3.2.tgz 0ms (cache hit)
1414 http cache named-placeholders@https://registry.npmjs.org/named-placeholders/-/named-placeholders-1.1.6.tgz 0ms (cache hit)
1415 http cache generate-function@https://registry.npmjs.org/generate-function/-/generate-function-2.3.1.tgz 0ms (cache hit)
1416 http cache mime-db@https://registry.npmjs.org/mime-db/-/mime-db-1.52.0.tgz 0ms (cache hit)
1417 http cache yallist@https://registry.npmjs.org/yallist/-/yallist-3.1.1.tgz 0ms (cache hit)
1418 http cache aws-ssl-profiles@https://registry.npmjs.org/aws-ssl-profiles/-/aws-ssl-profiles-1.1.2.tgz 0ms (cache hit)
1419 http cache buffer-equal-constant-time@https://registry.npmjs.org/buffer-equal-constant-time/-/buffer-equal-constant-time-1.0.1.tgz 0ms (cache hit)
1420 http cache ecdsa-sig-formatter@https://registry.npmjs.org/ecdsa-sig-formatter/-/ecdsa-sig-formatter-1.0.11.tgz 0ms (cache hit)
1421 http cache jwa@https://registry.npmjs.org/jwa/-/jwa-2.0.1.tgz 0ms (cache hit)
1422 http cache lodash.isnumber@https://registry.npmjs.org/lodash.isnumber/-/lodash.isnumber-3.0.3.tgz 0ms (cache hit)
1423 http cache lodash.isplainobject@https://registry.npmjs.org/lodash.isplainobject/-/lodash.isplainobject-4.0.6.tgz 0ms (cache hit)
1424 http cache lodash.once@https://registry.npmjs.org/lodash.once/-/lodash.once-4.1.1.tgz 0ms (cache hit)
1425 http cache lodash.isinteger@https://registry.npmjs.org/lodash.isinteger/-/lodash.isinteger-4.0.4.tgz 0ms (cache hit)
1426 http cache jws@https://registry.npmjs.org/jws/-/jws-4.0.1.tgz 0ms (cache hit)
1427 http cache lodash.isstring@https://registry.npmjs.org/lodash.isstring/-/lodash.isstring-4.0.1.tgz 0ms (cache hit)
1428 http cache lodash.isboolean@https://registry.npmjs.org/lodash.isboolean/-/lodash.isboolean-3.0.3.tgz 0ms (cache hit)
1429 http cache toidentifier@https://registry.npmjs.org/toidentifier/-/toidentifier-1.0.1.tgz 0ms (cache hit)
1430 http cache lodash.includes@https://registry.npmjs.org/lodash.includes/-/lodash.includes-4.3.0.tgz 1ms (cache hit)
1431 http cache safer-buffer@https://registry.npmjs.org/safer-buffer/-/safer-buffer-2.1.2.tgz 0ms (cache hit)
1432 http cache inherits@https://registry.npmjs.org/inherits/-/inherits-2.0.4.tgz 0ms (cache hit)
1433 http cache validator@https://registry.npmjs.org/validator/-/validator-13.15.35.tgz 0ms (cache hit)
1434 http cache lodash@https://registry.npmjs.org/lodash/-/lodash-4.18.1.tgz 0ms (cache hit)
1435 http cache unpipe@https://registry.npmjs.org/unpipe/-/unpipe-1.0.0.tgz 0ms (cache hit)
1436 http cache iconv-lite@https://registry.npmjs.org/iconv-lite/-/iconv-lite-0.4.24.tgz 0ms (cache hit)
1437 http cache destroy@https://registry.npmjs.org/destroy/-/destroy-1.2.0.tgz 0ms (cache hit)
1438 http cache raw-body@https://registry.npmjs.org/raw-body/-/raw-body-2.5.3.tgz 0ms (cache hit)
1439 http cache negotiator@https://registry.npmjs.org/negotiator/-/negotiator-0.6.3.tgz 0ms (cache hit)
1440 http cache utils-merge@https://registry.npmjs.org/utils-merge/-/utils-merge-1.0.1.tgz 0ms (cache hit)
1441 http cache type-is@https://registry.npmjs.org/type-is/-/type-is-1.6.18.tgz 0ms (cache hit)
1442 http cache statuses@https://registry.npmjs.org/statuses/-/statuses-2.0.2.tgz 0ms (cache hit)
1443 http cache safe-buffer@https://registry.npmjs.org/safe-buffer/-/safe-buffer-5.2.1.tgz 0ms (cache hit)
1444 http cache setprototypeof@https://registry.npmjs.org/setprototypeof/-/setprototypeof-1.2.0.tgz 0ms (cache hit)
1445 http cache range-parser@https://registry.npmjs.org/range-parser/-/range-parser-1.2.1.tgz 0ms (cache hit)
1446 http cache mime-types@https://registry.npmjs.org/mime-types/-/mime-types-2.1.35.tgz 0ms (cache hit)
1447 http cache send@https://registry.npmjs.org/send/-/send-0.19.2.tgz 0ms (cache hit)
1448 http cache serve-static@https://registry.npmjs.org/serve-static/-/serve-static-1.16.3.tgz 0ms (cache hit)
1449 http cache proxy-addr@https://registry.npmjs.org/proxy-addr/-/proxy-addr-2.0.7.tgz 0ms (cache hit)
1450 http cache qs@https://registry.npmjs.org/qs/-/qs-6.15.3.tgz 0ms (cache hit)
1451 http cache parseurl@https://registry.npmjs.org/parseurl/-/parseurl-1.3.3.tgz 0ms (cache hit)
1452 http cache on-finished@https://registry.npmjs.org/on-finished/-/on-finished-2.4.1.tgz 0ms (cache hit)
1453 http cache path-to-regexp@https://registry.npmjs.org/path-to-regexp/-/path-to-regexp-0.1.13.tgz 0ms (cache hit)
1454 http cache methods@https://registry.npmjs.org/methods/-/methods-1.1.2.tgz 0ms (cache hit)
1455 http cache merge-descriptors@https://registry.npmjs.org/merge-descriptors/-/merge-descriptors-1.0.3.tgz 0ms (cache hit)
1456 http cache http-errors@https://registry.npmjs.org/http-errors/-/http-errors-2.0.1.tgz 0ms (cache hit)
1457 http cache fresh@https://registry.npmjs.org/fresh/-/fresh-0.5.2.tgz 0ms (cache hit)
1458 http cache finalhandler@https://registry.npmjs.org/finalhandler/-/finalhandler-1.3.2.tgz 0ms (cache hit)
1459 http cache escape-html@https://registry.npmjs.org/escape-html/-/escape-html-1.0.3.tgz 0ms (cache hit)
1460 http cache etag@https://registry.npmjs.org/etag/-/etag-1.8.1.tgz 0ms (cache hit)
1461 http cache cookie-signature@https://registry.npmjs.org/cookie-signature/-/cookie-signature-1.0.7.tgz 0ms (cache hit)
1462 http cache depd@https://registry.npmjs.org/depd/-/depd-2.0.0.tgz 0ms (cache hit)
1463 http cache encodeurl@https://registry.npmjs.org/encodeurl/-/encodeurl-2.0.0.tgz 0ms (cache hit)
1464 http cache cookie@https://registry.npmjs.org/cookie/-/cookie-0.7.2.tgz 0ms (cache hit)
1465 http cache content-type@https://registry.npmjs.org/content-type/-/content-type-1.0.5.tgz 0ms (cache hit)
1466 http cache body-parser@https://registry.npmjs.org/body-parser/-/body-parser-1.20.6.tgz 0ms (cache hit)
1467 http cache content-disposition@https://registry.npmjs.org/content-disposition/-/content-disposition-0.5.4.tgz 0ms (cache hit)
1468 http cache ms@https://registry.npmjs.org/ms/-/ms-2.1.3.tgz 0ms (cache hit)
1469 http cache array-flatten@https://registry.npmjs.org/array-flatten/-/array-flatten-1.1.1.tgz 0ms (cache hit)
1470 http cache accepts@https://registry.npmjs.org/accepts/-/accepts-1.3.8.tgz 0ms (cache hit)
1471 http cache vary@https://registry.npmjs.org/vary/-/vary-1.1.2.tgz 0ms (cache hit)
1472 http cache electron-to-chromium@https://registry.npmjs.org/electron-to-chromium/-/electron-to-chromium-1.5.416.tgz 0ms (cache hit)
1473 http cache update-browserslist-db@https://registry.npmjs.org/update-browserslist-db/-/update-browserslist-db-1.3.2.tgz 0ms (cache hit)
1474 http cache bytes@https://registry.npmjs.org/bytes/-/bytes-3.1.2.tgz 0ms (cache hit)
1475 http cache node-releases@https://registry.npmjs.org/node-releases/-/node-releases-2.0.54.tgz 0ms (cache hit)
1476 http cache @types/babel__template@https://registry.npmjs.org/@types/babel__template/-/babel__template-7.4.4.tgz 0ms (cache hit)
1477 http cache caniuse-lite@https://registry.npmjs.org/caniuse-lite/-/caniuse-lite-1.0.30001810.tgz 0ms (cache hit)
1478 http cache @types/babel__traverse@https://registry.npmjs.org/@types/babel__traverse/-/babel__traverse-7.28.0.tgz 0ms (cache hit)
1479 http cache @types/babel__generator@https://registry.npmjs.org/@types/babel__generator/-/babel__generator-7.27.0.tgz 0ms (cache hit)
1480 http cache baseline-browser-mapping@https://registry.npmjs.org/baseline-browser-mapping/-/baseline-browser-mapping-2.11.20.tgz 0ms (cache hit)
1481 http cache @jridgewell/sourcemap-codec@https://registry.npmjs.org/@jridgewell/sourcemap-codec/-/sourcemap-codec-1.6.0.tgz 0ms (cache hit)
1482 http cache @jridgewell/resolve-uri@https://registry.npmjs.org/@jridgewell/resolve-uri/-/resolve-uri-3.1.2.tgz 0ms (cache hit)
1483 http cache @babel/helper-globals@https://registry.npmjs.org/@babel/helper-globals/-/helper-globals-7.29.7.tgz 0ms (cache hit)
1484 http cache @babel/helper-string-parser@https://registry.npmjs.org/@babel/helper-string-parser/-/helper-string-parser-7.29.7.tgz 0ms (cache hit)
1485 http cache lru-cache@https://registry.npmjs.org/lru-cache/-/lru-cache-5.1.1.tgz 0ms (cache hit)
1486 http cache @babel/helper-plugin-utils@https://registry.npmjs.org/@babel/helper-plugin-utils/-/helper-plugin-utils-7.29.7.tgz 0ms (cache hit)
1487 http cache browserslist@https://registry.npmjs.org/browserslist/-/browserslist-4.28.8.tgz 0ms (cache hit)
1488 http cache @babel/helper-module-imports@https://registry.npmjs.org/@babel/helper-module-imports/-/helper-module-imports-7.29.7.tgz 0ms (cache hit)
1489 http cache jsesc@https://registry.npmjs.org/jsesc/-/jsesc-3.1.0.tgz 0ms (cache hit)
1490 http cache @babel/helper-validator-option@https://registry.npmjs.org/@babel/helper-validator-option/-/helper-validator-option-7.29.7.tgz 0ms (cache hit)
1491 http cache @jridgewell/gen-mapping@https://registry.npmjs.org/@jridgewell/gen-mapping/-/gen-mapping-0.3.13.tgz 0ms (cache hit)
1492 http cache @babel/compat-data@https://registry.npmjs.org/@babel/compat-data/-/compat-data-7.29.7.tgz 0ms (cache hit)
1493 http cache @babel/helper-validator-identifier@https://registry.npmjs.org/@babel/helper-validator-identifier/-/helper-validator-identifier-7.29.7.tgz 0ms (cache hit)
1494 http cache picocolors@https://registry.npmjs.org/picocolors/-/picocolors-1.1.1.tgz 0ms (cache hit)
1495 http cache json5@https://registry.npmjs.org/json5/-/json5-2.2.3.tgz 0ms (cache hit)
1496 http cache @jridgewell/trace-mapping@https://registry.npmjs.org/@jridgewell/trace-mapping/-/trace-mapping-0.3.31.tgz 0ms (cache hit)
1497 http cache js-tokens@https://registry.npmjs.org/js-tokens/-/js-tokens-4.0.0.tgz 0ms (cache hit)
1498 http cache semver@https://registry.npmjs.org/semver/-/semver-6.3.1.tgz 0ms (cache hit)
1499 http cache gensync@https://registry.npmjs.org/gensync/-/gensync-1.0.0-beta.2.tgz 0ms (cache hit)
1500 http cache debug@https://registry.npmjs.org/debug/-/debug-4.4.3.tgz 0ms (cache hit)
1501 http cache @jridgewell/remapping@https://registry.npmjs.org/@jridgewell/remapping/-/remapping-2.3.5.tgz 0ms (cache hit)
1502 http cache convert-source-map@https://registry.npmjs.org/convert-source-map/-/convert-source-map-2.0.0.tgz 0ms (cache hit)
1503 http cache @babel/template@https://registry.npmjs.org/@babel/template/-/template-7.29.7.tgz 0ms (cache hit)
1504 http cache @babel/types@https://registry.npmjs.org/@babel/types/-/types-7.29.8.tgz 0ms (cache hit)
1505 http cache @babel/helpers@https://registry.npmjs.org/@babel/helpers/-/helpers-7.29.7.tgz 0ms (cache hit)
1506 http cache @babel/traverse@https://registry.npmjs.org/@babel/traverse/-/traverse-7.29.8.tgz 0ms (cache hit)
1507 http cache @babel/helper-module-transforms@https://registry.npmjs.org/@babel/helper-module-transforms/-/helper-module-transforms-7.29.7.tgz 0ms (cache hit)
1508 http cache @babel/parser@https://registry.npmjs.org/@babel/parser/-/parser-7.29.8.tgz 0ms (cache hit)
1509 http cache @babel/code-frame@https://registry.npmjs.org/@babel/code-frame/-/code-frame-7.29.7.tgz 0ms (cache hit)
1510 http cache @babel/helper-compilation-targets@https://registry.npmjs.org/@babel/helper-compilation-targets/-/helper-compilation-targets-7.29.7.tgz 0ms (cache hit)
1511 http cache react-refresh@https://registry.npmjs.org/react-refresh/-/react-refresh-0.17.0.tgz 0ms (cache hit)
1512 http cache @babel/generator@https://registry.npmjs.org/@babel/generator/-/generator-7.29.8.tgz 0ms (cache hit)
1513 http cache @babel/plugin-transform-react-jsx-source@https://registry.npmjs.org/@babel/plugin-transform-react-jsx-source/-/plugin-transform-react-jsx-source-7.29.7.tgz 0ms (cache hit)
1514 http cache @types/babel__core@https://registry.npmjs.org/@types/babel__core/-/babel__core-7.20.5.tgz 0ms (cache hit)
1515 http cache @rolldown/pluginutils@https://registry.npmjs.org/@rolldown/pluginutils/-/pluginutils-1.0.0-beta.27.tgz 0ms (cache hit)
1516 http cache undici-types@https://registry.npmjs.org/undici-types/-/undici-types-8.3.0.tgz 0ms (cache hit)
1517 http cache @types/node@https://registry.npmjs.org/@types/node/-/node-26.4.0.tgz 0ms (cache hit)
1518 http cache @babel/core@https://registry.npmjs.org/@babel/core/-/core-7.29.7.tgz 0ms (cache hit)
1519 http cache @babel/plugin-transform-react-jsx-self@https://registry.npmjs.org/@babel/plugin-transform-react-jsx-self/-/plugin-transform-react-jsx-self-7.29.7.tgz 0ms (cache hit)
1520 http cache express-validator@https://registry.npmjs.org/express-validator/-/express-validator-7.3.2.tgz 0ms (cache hit)
1521 http cache mysql2@https://registry.npmjs.org/mysql2/-/mysql2-3.24.2.tgz 0ms (cache hit)
1522 http cache cors@https://registry.npmjs.org/cors/-/cors-2.8.6.tgz 0ms (cache hit)
1523 http cache express@https://registry.npmjs.org/express/-/express-4.22.2.tgz 0ms (cache hit)
1524 http cache object-assign@https://registry.npmjs.org/object-assign/-/object-assign-4.1.1.tgz 0ms (cache hit)
1525 http cache react@https://registry.npmjs.org/react/-/react-18.3.1.tgz 0ms (cache hit)
1526 http cache jsonwebtoken@https://registry.npmjs.org/jsonwebtoken/-/jsonwebtoken-9.0.3.tgz 0ms (cache hit)
1527 http cache react-dom@https://registry.npmjs.org/react-dom/-/react-dom-18.3.1.tgz 0ms (cache hit)
1528 http cache bcryptjs@https://registry.npmjs.org/bcryptjs/-/bcryptjs-2.4.3.tgz 0ms (cache hit)
1529 http cache lucide-react@https://registry.npmjs.org/lucide-react/-/lucide-react-0.468.0.tgz 0ms (cache hit)
1530 http cache vite@https://registry.npmjs.org/vite/-/vite-6.4.3.tgz 0ms (cache hit)
1531 http cache ansi-regex@https://registry.npmjs.org/ansi-regex/-/ansi-regex-5.0.1.tgz 0ms (cache hit)
1532 http cache emoji-regex@https://registry.npmjs.org/emoji-regex/-/emoji-regex-8.0.0.tgz 0ms (cache hit)
1533 http cache @vitejs/plugin-react@https://registry.npmjs.org/@vitejs/plugin-react/-/plugin-react-4.7.0.tgz 0ms (cache hit)
1534 http cache wrap-ansi@https://registry.npmjs.org/wrap-ansi/-/wrap-ansi-7.0.0.tgz 0ms (cache hit)
1535 http cache strip-ansi@https://registry.npmjs.org/strip-ansi/-/strip-ansi-6.0.1.tgz 0ms (cache hit)
1536 http cache is-fullwidth-code-point@https://registry.npmjs.org/is-fullwidth-code-point/-/is-fullwidth-code-point-3.0.0.tgz 0ms (cache hit)
1537 http cache y18n@https://registry.npmjs.org/y18n/-/y18n-5.0.8.tgz 0ms (cache hit)
1538 http cache yargs-parser@https://registry.npmjs.org/yargs-parser/-/yargs-parser-21.1.1.tgz 0ms (cache hit)
1539 http cache string-width@https://registry.npmjs.org/string-width/-/string-width-4.2.3.tgz 0ms (cache hit)
1540 http cache require-directory@https://registry.npmjs.org/require-directory/-/require-directory-2.1.1.tgz 0ms (cache hit)
1541 http cache get-caller-file@https://registry.npmjs.org/get-caller-file/-/get-caller-file-2.0.5.tgz 0ms (cache hit)
1542 http cache escalade@https://registry.npmjs.org/escalade/-/escalade-3.2.0.tgz 0ms (cache hit)
1543 http cache has-flag@https://registry.npmjs.org/has-flag/-/has-flag-4.0.0.tgz 0ms (cache hit)
1544 http cache tslib@https://registry.npmjs.org/tslib/-/tslib-2.8.1.tgz 0ms (cache hit)
1545 http cache cliui@https://registry.npmjs.org/cliui/-/cliui-8.0.1.tgz 0ms (cache hit)
1546 http cache color-convert@https://registry.npmjs.org/color-convert/-/color-convert-2.0.1.tgz 0ms (cache hit)
1547 http cache tree-kill@https://registry.npmjs.org/tree-kill/-/tree-kill-1.2.2.tgz 0ms (cache hit)
1548 http cache yargs@https://registry.npmjs.org/yargs/-/yargs-17.7.2.tgz 0ms (cache hit)
1549 http cache color-name@https://registry.npmjs.org/color-name/-/color-name-1.1.4.tgz 1ms (cache hit)
1550 http cache ansi-styles@https://registry.npmjs.org/ansi-styles/-/ansi-styles-4.3.0.tgz 0ms (cache hit)
1551 http cache supports-color@https://registry.npmjs.org/supports-color/-/supports-color-8.1.1.tgz 0ms (cache hit)
1552 http cache shell-quote@https://registry.npmjs.org/shell-quote/-/shell-quote-1.9.0.tgz 0ms (cache hit)
1553 http cache rxjs@https://registry.npmjs.org/rxjs/-/rxjs-7.8.2.tgz 0ms (cache hit)
1554 http cache chalk@https://registry.npmjs.org/chalk/-/chalk-4.1.2.tgz 0ms (cache hit)
1555 http cache debug@https://registry.npmjs.org/debug/-/debug-2.6.9.tgz 0ms (cache hit)
1556 http cache concurrently@https://registry.npmjs.org/concurrently/-/concurrently-9.2.4.tgz 0ms (cache hit)
1557 http cache ms@https://registry.npmjs.org/ms/-/ms-2.0.0.tgz 0ms (cache hit)
1558 http cache debug@https://registry.npmjs.org/debug/-/debug-2.6.9.tgz 0ms (cache hit)
1559 http cache ms@https://registry.npmjs.org/ms/-/ms-2.0.0.tgz 0ms (cache hit)
1560 http cache debug@https://registry.npmjs.org/debug/-/debug-2.6.9.tgz 0ms (cache hit)
1561 http cache semver@https://registry.npmjs.org/semver/-/semver-7.8.5.tgz 0ms (cache hit)
1562 http cache iconv-lite@https://registry.npmjs.org/iconv-lite/-/iconv-lite-0.7.3.tgz 0ms (cache hit)
1563 http cache ms@https://registry.npmjs.org/ms/-/ms-2.0.0.tgz 0ms (cache hit)
1564 http cache dotenv@https://registry.npmjs.org/dotenv/-/dotenv-16.6.1.tgz 0ms (cache hit)
1565 silly tarball no local data for @types/estree@https://registry.npmjs.org/@types/estree/-/estree-1.0.9.tgz. Extracting by manifest.
1566 silly tarball no local data for @rollup/rollup-win32-x64-msvc@https://registry.npmjs.org/@rollup/rollup-win32-x64-msvc/-/rollup-win32-x64-msvc-4.63.1.tgz. Extracting by manifest.
1567 silly tarball no local data for @esbuild/win32-x64@https://registry.npmjs.org/@esbuild/win32-x64/-/win32-x64-0.25.12.tgz. Extracting by manifest.
1568 silly tarball no local data for nanoid@https://registry.npmjs.org/nanoid/-/nanoid-3.3.18.tgz. Extracting by manifest.
1569 silly tarball no local data for source-map-js@https://registry.npmjs.org/source-map-js/-/source-map-js-1.2.1.tgz. Extracting by manifest.
1570 silly tarball no local data for tinyglobby@https://registry.npmjs.org/tinyglobby/-/tinyglobby-0.2.17.tgz. Extracting by manifest.
1571 http cache supports-color@https://registry.npmjs.org/supports-color/-/supports-color-7.2.0.tgz 0ms (cache hit)
1572 silly tarball no local data for rollup@https://registry.npmjs.org/rollup/-/rollup-4.63.1.tgz. Extracting by manifest.
1573 silly tarball no local data for @rollup/rollup-win32-x64-gnu@https://registry.npmjs.org/@rollup/rollup-win32-x64-gnu/-/rollup-win32-x64-gnu-4.63.1.tgz. Extracting by manifest.
1574 silly tarball no local data for fdir@https://registry.npmjs.org/fdir/-/fdir-6.5.0.tgz. Extracting by manifest.
1575 silly tarball no local data for postcss@https://registry.npmjs.org/postcss/-/postcss-8.5.26.tgz. Extracting by manifest.
1576 silly tarball no local data for picomatch@https://registry.npmjs.org/picomatch/-/picomatch-4.0.7.tgz. Extracting by manifest.
1577 silly tarball no local data for esbuild@https://registry.npmjs.org/esbuild/-/esbuild-0.25.12.tgz. Extracting by manifest.
1578 silly tarball no local data for has-symbols@https://registry.npmjs.org/has-symbols/-/has-symbols-1.1.0.tgz. Extracting by manifest.
1579 silly tarball no local data for media-typer@https://registry.npmjs.org/media-typer/-/media-typer-0.3.0.tgz. Extracting by manifest.
1580 silly tarball no local data for dunder-proto@https://registry.npmjs.org/dunder-proto/-/dunder-proto-1.0.1.tgz. Extracting by manifest.
1581 silly tarball no local data for hasown@https://registry.npmjs.org/hasown/-/hasown-2.0.4.tgz. Extracting by manifest.
1582 silly tarball no local data for math-intrinsics@https://registry.npmjs.org/math-intrinsics/-/math-intrinsics-1.1.0.tgz. Extracting by manifest.
1583 silly tarball no local data for gopd@https://registry.npmjs.org/gopd/-/gopd-1.2.0.tgz. Extracting by manifest.
1584 silly tarball no local data for get-proto@https://registry.npmjs.org/get-proto/-/get-proto-1.0.1.tgz. Extracting by manifest.
1585 silly tarball no local data for es-object-atoms@https://registry.npmjs.org/es-object-atoms/-/es-object-atoms-1.1.2.tgz. Extracting by manifest.
1586 silly tarball no local data for function-bind@https://registry.npmjs.org/function-bind/-/function-bind-1.1.2.tgz. Extracting by manifest.
1587 silly tarball no local data for call-bind-apply-helpers@https://registry.npmjs.org/call-bind-apply-helpers/-/call-bind-apply-helpers-1.0.2.tgz. Extracting by manifest.
1588 silly tarball no local data for call-bound@https://registry.npmjs.org/call-bound/-/call-bound-1.0.4.tgz. Extracting by manifest.
1589 silly tarball no local data for get-intrinsic@https://registry.npmjs.org/get-intrinsic/-/get-intrinsic-1.3.0.tgz. Extracting by manifest.
1590 silly tarball no local data for side-channel-weakmap@https://registry.npmjs.org/side-channel-weakmap/-/side-channel-weakmap-1.0.2.tgz. Extracting by manifest.
1591 http cache ms@https://registry.npmjs.org/ms/-/ms-2.0.0.tgz 1ms (cache hit)
1592 silly tarball no local data for side-channel-list@https://registry.npmjs.org/side-channel-list/-/side-channel-list-1.0.1.tgz. Extracting by manifest.
1593 silly tarball no local data for object-inspect@https://registry.npmjs.org/object-inspect/-/object-inspect-1.13.4.tgz. Extracting by manifest.
1594 silly tarball no local data for side-channel-map@https://registry.npmjs.org/side-channel-map/-/side-channel-map-1.0.1.tgz. Extracting by manifest.
1595 silly tarball no local data for scheduler@https://registry.npmjs.org/scheduler/-/scheduler-0.23.2.tgz. Extracting by manifest.
1596 http cache debug@https://registry.npmjs.org/debug/-/debug-2.6.9.tgz 0ms (cache hit)
1597 silly tarball no local data for es-errors@https://registry.npmjs.org/es-errors/-/es-errors-1.3.0.tgz. Extracting by manifest.
1598 silly tarball no local data for loose-envify@https://registry.npmjs.org/loose-envify/-/loose-envify-1.4.0.tgz. Extracting by manifest.
1599 silly tarball no local data for mime@https://registry.npmjs.org/mime/-/mime-1.6.0.tgz. Extracting by manifest.
1600 silly tarball no local data for ipaddr.js@https://registry.npmjs.org/ipaddr.js/-/ipaddr.js-1.9.1.tgz. Extracting by manifest.
1601 silly tarball no local data for side-channel@https://registry.npmjs.org/side-channel/-/side-channel-1.1.1.tgz. Extracting by manifest.
1602 silly tarball no local data for es-define-property@https://registry.npmjs.org/es-define-property/-/es-define-property-1.0.1.tgz. Extracting by manifest.
1603 silly tarball no local data for forwarded@https://registry.npmjs.org/forwarded/-/forwarded-0.2.0.tgz. Extracting by manifest.
1604 silly tarball no local data for sql-escaper@https://registry.npmjs.org/sql-escaper/-/sql-escaper-1.5.1.tgz. Extracting by manifest.
1605 silly tarball no local data for ee-first@https://registry.npmjs.org/ee-first/-/ee-first-1.1.1.tgz. Extracting by manifest.
1606 silly tarball no local data for is-property@https://registry.npmjs.org/is-property/-/is-property-1.0.2.tgz. Extracting by manifest.
1607 silly tarball no local data for lru.min@https://registry.npmjs.org/lru.min/-/lru.min-1.1.4.tgz. Extracting by manifest.
1608 silly tarball no local data for long@https://registry.npmjs.org/long/-/long-5.3.2.tgz. Extracting by manifest.
1609 silly tarball no local data for named-placeholders@https://registry.npmjs.org/named-placeholders/-/named-placeholders-1.1.6.tgz. Extracting by manifest.
1610 silly tarball no local data for generate-function@https://registry.npmjs.org/generate-function/-/generate-function-2.3.1.tgz. Extracting by manifest.
1611 silly tarball no local data for mime-db@https://registry.npmjs.org/mime-db/-/mime-db-1.52.0.tgz. Extracting by manifest.
1612 silly tarball no local data for yallist@https://registry.npmjs.org/yallist/-/yallist-3.1.1.tgz. Extracting by manifest.
1613 silly tarball no local data for aws-ssl-profiles@https://registry.npmjs.org/aws-ssl-profiles/-/aws-ssl-profiles-1.1.2.tgz. Extracting by manifest.
1614 silly tarball no local data for buffer-equal-constant-time@https://registry.npmjs.org/buffer-equal-constant-time/-/buffer-equal-constant-time-1.0.1.tgz. Extracting by manifest.
1615 silly tarball no local data for ecdsa-sig-formatter@https://registry.npmjs.org/ecdsa-sig-formatter/-/ecdsa-sig-formatter-1.0.11.tgz. Extracting by manifest.
1616 silly tarball no local data for jwa@https://registry.npmjs.org/jwa/-/jwa-2.0.1.tgz. Extracting by manifest.
1617 silly tarball no local data for lodash.isnumber@https://registry.npmjs.org/lodash.isnumber/-/lodash.isnumber-3.0.3.tgz. Extracting by manifest.
1618 silly tarball no local data for lodash.isplainobject@https://registry.npmjs.org/lodash.isplainobject/-/lodash.isplainobject-4.0.6.tgz. Extracting by manifest.
1619 silly tarball no local data for lodash.once@https://registry.npmjs.org/lodash.once/-/lodash.once-4.1.1.tgz. Extracting by manifest.
1620 silly tarball no local data for lodash.isinteger@https://registry.npmjs.org/lodash.isinteger/-/lodash.isinteger-4.0.4.tgz. Extracting by manifest.
1621 silly tarball no local data for jws@https://registry.npmjs.org/jws/-/jws-4.0.1.tgz. Extracting by manifest.
1622 silly tarball no local data for lodash.isstring@https://registry.npmjs.org/lodash.isstring/-/lodash.isstring-4.0.1.tgz. Extracting by manifest.
1623 silly tarball no local data for lodash.isboolean@https://registry.npmjs.org/lodash.isboolean/-/lodash.isboolean-3.0.3.tgz. Extracting by manifest.
1624 silly tarball no local data for toidentifier@https://registry.npmjs.org/toidentifier/-/toidentifier-1.0.1.tgz. Extracting by manifest.
1625 silly tarball no local data for lodash.includes@https://registry.npmjs.org/lodash.includes/-/lodash.includes-4.3.0.tgz. Extracting by manifest.
1626 silly tarball no local data for safer-buffer@https://registry.npmjs.org/safer-buffer/-/safer-buffer-2.1.2.tgz. Extracting by manifest.
1627 silly tarball no local data for inherits@https://registry.npmjs.org/inherits/-/inherits-2.0.4.tgz. Extracting by manifest.
1628 silly tarball no local data for validator@https://registry.npmjs.org/validator/-/validator-13.15.35.tgz. Extracting by manifest.
1629 silly tarball no local data for lodash@https://registry.npmjs.org/lodash/-/lodash-4.18.1.tgz. Extracting by manifest.
1630 silly tarball no local data for unpipe@https://registry.npmjs.org/unpipe/-/unpipe-1.0.0.tgz. Extracting by manifest.
1631 silly tarball no local data for iconv-lite@https://registry.npmjs.org/iconv-lite/-/iconv-lite-0.4.24.tgz. Extracting by manifest.
1632 silly tarball no local data for destroy@https://registry.npmjs.org/destroy/-/destroy-1.2.0.tgz. Extracting by manifest.
1633 silly tarball no local data for raw-body@https://registry.npmjs.org/raw-body/-/raw-body-2.5.3.tgz. Extracting by manifest.
1634 silly tarball no local data for negotiator@https://registry.npmjs.org/negotiator/-/negotiator-0.6.3.tgz. Extracting by manifest.
1635 silly tarball no local data for utils-merge@https://registry.npmjs.org/utils-merge/-/utils-merge-1.0.1.tgz. Extracting by manifest.
1636 silly tarball no local data for type-is@https://registry.npmjs.org/type-is/-/type-is-1.6.18.tgz. Extracting by manifest.
1637 silly tarball no local data for statuses@https://registry.npmjs.org/statuses/-/statuses-2.0.2.tgz. Extracting by manifest.
1638 silly tarball no local data for safe-buffer@https://registry.npmjs.org/safe-buffer/-/safe-buffer-5.2.1.tgz. Extracting by manifest.
1639 silly tarball no local data for setprototypeof@https://registry.npmjs.org/setprototypeof/-/setprototypeof-1.2.0.tgz. Extracting by manifest.
1640 silly tarball no local data for range-parser@https://registry.npmjs.org/range-parser/-/range-parser-1.2.1.tgz. Extracting by manifest.
1641 silly tarball no local data for mime-types@https://registry.npmjs.org/mime-types/-/mime-types-2.1.35.tgz. Extracting by manifest.
1642 silly tarball no local data for send@https://registry.npmjs.org/send/-/send-0.19.2.tgz. Extracting by manifest.
1643 silly tarball no local data for serve-static@https://registry.npmjs.org/serve-static/-/serve-static-1.16.3.tgz. Extracting by manifest.
1644 silly tarball no local data for proxy-addr@https://registry.npmjs.org/proxy-addr/-/proxy-addr-2.0.7.tgz. Extracting by manifest.
1645 silly tarball no local data for qs@https://registry.npmjs.org/qs/-/qs-6.15.3.tgz. Extracting by manifest.
1646 silly tarball no local data for parseurl@https://registry.npmjs.org/parseurl/-/parseurl-1.3.3.tgz. Extracting by manifest.
1647 silly tarball no local data for on-finished@https://registry.npmjs.org/on-finished/-/on-finished-2.4.1.tgz. Extracting by manifest.
1648 silly tarball no local data for path-to-regexp@https://registry.npmjs.org/path-to-regexp/-/path-to-regexp-0.1.13.tgz. Extracting by manifest.
1649 silly tarball no local data for methods@https://registry.npmjs.org/methods/-/methods-1.1.2.tgz. Extracting by manifest.
1650 silly tarball no local data for merge-descriptors@https://registry.npmjs.org/merge-descriptors/-/merge-descriptors-1.0.3.tgz. Extracting by manifest.
1651 silly tarball no local data for http-errors@https://registry.npmjs.org/http-errors/-/http-errors-2.0.1.tgz. Extracting by manifest.
1652 silly tarball no local data for fresh@https://registry.npmjs.org/fresh/-/fresh-0.5.2.tgz. Extracting by manifest.
1653 silly tarball no local data for finalhandler@https://registry.npmjs.org/finalhandler/-/finalhandler-1.3.2.tgz. Extracting by manifest.
1654 silly tarball no local data for escape-html@https://registry.npmjs.org/escape-html/-/escape-html-1.0.3.tgz. Extracting by manifest.
1655 silly tarball no local data for etag@https://registry.npmjs.org/etag/-/etag-1.8.1.tgz. Extracting by manifest.
1656 silly tarball no local data for cookie-signature@https://registry.npmjs.org/cookie-signature/-/cookie-signature-1.0.7.tgz. Extracting by manifest.
1657 silly tarball no local data for depd@https://registry.npmjs.org/depd/-/depd-2.0.0.tgz. Extracting by manifest.
1658 silly tarball no local data for encodeurl@https://registry.npmjs.org/encodeurl/-/encodeurl-2.0.0.tgz. Extracting by manifest.
1659 silly tarball no local data for cookie@https://registry.npmjs.org/cookie/-/cookie-0.7.2.tgz. Extracting by manifest.
1660 silly tarball no local data for content-type@https://registry.npmjs.org/content-type/-/content-type-1.0.5.tgz. Extracting by manifest.
1661 silly tarball no local data for body-parser@https://registry.npmjs.org/body-parser/-/body-parser-1.20.6.tgz. Extracting by manifest.
1662 silly tarball no local data for content-disposition@https://registry.npmjs.org/content-disposition/-/content-disposition-0.5.4.tgz. Extracting by manifest.
1663 silly tarball no local data for ms@https://registry.npmjs.org/ms/-/ms-2.1.3.tgz. Extracting by manifest.
1664 silly tarball no local data for array-flatten@https://registry.npmjs.org/array-flatten/-/array-flatten-1.1.1.tgz. Extracting by manifest.
1665 silly tarball no local data for accepts@https://registry.npmjs.org/accepts/-/accepts-1.3.8.tgz. Extracting by manifest.
1666 silly tarball no local data for vary@https://registry.npmjs.org/vary/-/vary-1.1.2.tgz. Extracting by manifest.
1667 silly tarball no local data for electron-to-chromium@https://registry.npmjs.org/electron-to-chromium/-/electron-to-chromium-1.5.416.tgz. Extracting by manifest.
1668 silly tarball no local data for update-browserslist-db@https://registry.npmjs.org/update-browserslist-db/-/update-browserslist-db-1.3.2.tgz. Extracting by manifest.
1669 silly tarball no local data for bytes@https://registry.npmjs.org/bytes/-/bytes-3.1.2.tgz. Extracting by manifest.
1670 silly tarball no local data for node-releases@https://registry.npmjs.org/node-releases/-/node-releases-2.0.54.tgz. Extracting by manifest.
1671 silly tarball no local data for @types/babel__template@https://registry.npmjs.org/@types/babel__template/-/babel__template-7.4.4.tgz. Extracting by manifest.
1672 silly tarball no local data for caniuse-lite@https://registry.npmjs.org/caniuse-lite/-/caniuse-lite-1.0.30001810.tgz. Extracting by manifest.
1673 silly tarball no local data for @types/babel__traverse@https://registry.npmjs.org/@types/babel__traverse/-/babel__traverse-7.28.0.tgz. Extracting by manifest.
1674 silly tarball no local data for @types/babel__generator@https://registry.npmjs.org/@types/babel__generator/-/babel__generator-7.27.0.tgz. Extracting by manifest.
1675 silly tarball no local data for baseline-browser-mapping@https://registry.npmjs.org/baseline-browser-mapping/-/baseline-browser-mapping-2.11.20.tgz. Extracting by manifest.
1676 silly tarball no local data for @jridgewell/sourcemap-codec@https://registry.npmjs.org/@jridgewell/sourcemap-codec/-/sourcemap-codec-1.6.0.tgz. Extracting by manifest.
1677 silly tarball no local data for @jridgewell/resolve-uri@https://registry.npmjs.org/@jridgewell/resolve-uri/-/resolve-uri-3.1.2.tgz. Extracting by manifest.
1678 silly tarball no local data for @babel/helper-globals@https://registry.npmjs.org/@babel/helper-globals/-/helper-globals-7.29.7.tgz. Extracting by manifest.
1679 silly tarball no local data for @babel/helper-string-parser@https://registry.npmjs.org/@babel/helper-string-parser/-/helper-string-parser-7.29.7.tgz. Extracting by manifest.
1680 silly tarball no local data for lru-cache@https://registry.npmjs.org/lru-cache/-/lru-cache-5.1.1.tgz. Extracting by manifest.
1681 silly tarball no local data for @babel/helper-plugin-utils@https://registry.npmjs.org/@babel/helper-plugin-utils/-/helper-plugin-utils-7.29.7.tgz. Extracting by manifest.
1682 silly tarball no local data for browserslist@https://registry.npmjs.org/browserslist/-/browserslist-4.28.8.tgz. Extracting by manifest.
1683 silly tarball no local data for @babel/helper-module-imports@https://registry.npmjs.org/@babel/helper-module-imports/-/helper-module-imports-7.29.7.tgz. Extracting by manifest.
1684 silly tarball no local data for jsesc@https://registry.npmjs.org/jsesc/-/jsesc-3.1.0.tgz. Extracting by manifest.
1685 silly tarball no local data for @babel/helper-validator-option@https://registry.npmjs.org/@babel/helper-validator-option/-/helper-validator-option-7.29.7.tgz. Extracting by manifest.
1686 silly tarball no local data for @jridgewell/gen-mapping@https://registry.npmjs.org/@jridgewell/gen-mapping/-/gen-mapping-0.3.13.tgz. Extracting by manifest.
1687 silly tarball no local data for @babel/compat-data@https://registry.npmjs.org/@babel/compat-data/-/compat-data-7.29.7.tgz. Extracting by manifest.
1688 silly tarball no local data for @babel/helper-validator-identifier@https://registry.npmjs.org/@babel/helper-validator-identifier/-/helper-validator-identifier-7.29.7.tgz. Extracting by manifest.
1689 silly tarball no local data for picocolors@https://registry.npmjs.org/picocolors/-/picocolors-1.1.1.tgz. Extracting by manifest.
1690 silly tarball no local data for json5@https://registry.npmjs.org/json5/-/json5-2.2.3.tgz. Extracting by manifest.
1691 silly tarball no local data for @jridgewell/trace-mapping@https://registry.npmjs.org/@jridgewell/trace-mapping/-/trace-mapping-0.3.31.tgz. Extracting by manifest.
1692 silly tarball no local data for js-tokens@https://registry.npmjs.org/js-tokens/-/js-tokens-4.0.0.tgz. Extracting by manifest.
1693 silly tarball no local data for semver@https://registry.npmjs.org/semver/-/semver-6.3.1.tgz. Extracting by manifest.
1694 silly tarball no local data for gensync@https://registry.npmjs.org/gensync/-/gensync-1.0.0-beta.2.tgz. Extracting by manifest.
1695 silly tarball no local data for debug@https://registry.npmjs.org/debug/-/debug-4.4.3.tgz. Extracting by manifest.
1696 silly tarball no local data for @jridgewell/remapping@https://registry.npmjs.org/@jridgewell/remapping/-/remapping-2.3.5.tgz. Extracting by manifest.
1697 silly tarball no local data for convert-source-map@https://registry.npmjs.org/convert-source-map/-/convert-source-map-2.0.0.tgz. Extracting by manifest.
1698 silly tarball no local data for @babel/template@https://registry.npmjs.org/@babel/template/-/template-7.29.7.tgz. Extracting by manifest.
1699 silly tarball no local data for @babel/types@https://registry.npmjs.org/@babel/types/-/types-7.29.8.tgz. Extracting by manifest.
1700 silly tarball no local data for @babel/helpers@https://registry.npmjs.org/@babel/helpers/-/helpers-7.29.7.tgz. Extracting by manifest.
1701 silly tarball no local data for @babel/traverse@https://registry.npmjs.org/@babel/traverse/-/traverse-7.29.8.tgz. Extracting by manifest.
1702 silly tarball no local data for @babel/helper-module-transforms@https://registry.npmjs.org/@babel/helper-module-transforms/-/helper-module-transforms-7.29.7.tgz. Extracting by manifest.
1703 silly tarball no local data for @babel/parser@https://registry.npmjs.org/@babel/parser/-/parser-7.29.8.tgz. Extracting by manifest.
1704 silly tarball no local data for @babel/code-frame@https://registry.npmjs.org/@babel/code-frame/-/code-frame-7.29.7.tgz. Extracting by manifest.
1705 silly tarball no local data for @babel/helper-compilation-targets@https://registry.npmjs.org/@babel/helper-compilation-targets/-/helper-compilation-targets-7.29.7.tgz. Extracting by manifest.
1706 silly tarball no local data for react-refresh@https://registry.npmjs.org/react-refresh/-/react-refresh-0.17.0.tgz. Extracting by manifest.
1707 silly tarball no local data for @babel/generator@https://registry.npmjs.org/@babel/generator/-/generator-7.29.8.tgz. Extracting by manifest.
1708 silly tarball no local data for @babel/plugin-transform-react-jsx-source@https://registry.npmjs.org/@babel/plugin-transform-react-jsx-source/-/plugin-transform-react-jsx-source-7.29.7.tgz. Extracting by manifest.
1709 silly tarball no local data for @types/babel__core@https://registry.npmjs.org/@types/babel__core/-/babel__core-7.20.5.tgz. Extracting by manifest.
1710 silly tarball no local data for @rolldown/pluginutils@https://registry.npmjs.org/@rolldown/pluginutils/-/pluginutils-1.0.0-beta.27.tgz. Extracting by manifest.
1711 silly tarball no local data for undici-types@https://registry.npmjs.org/undici-types/-/undici-types-8.3.0.tgz. Extracting by manifest.
1712 silly tarball no local data for @types/node@https://registry.npmjs.org/@types/node/-/node-26.4.0.tgz. Extracting by manifest.
1713 silly tarball no local data for @babel/core@https://registry.npmjs.org/@babel/core/-/core-7.29.7.tgz. Extracting by manifest.
1714 silly tarball no local data for @babel/plugin-transform-react-jsx-self@https://registry.npmjs.org/@babel/plugin-transform-react-jsx-self/-/plugin-transform-react-jsx-self-7.29.7.tgz. Extracting by manifest.
1715 silly tarball no local data for express-validator@https://registry.npmjs.org/express-validator/-/express-validator-7.3.2.tgz. Extracting by manifest.
1716 silly tarball no local data for mysql2@https://registry.npmjs.org/mysql2/-/mysql2-3.24.2.tgz. Extracting by manifest.
1717 silly tarball no local data for cors@https://registry.npmjs.org/cors/-/cors-2.8.6.tgz. Extracting by manifest.
1718 silly tarball no local data for express@https://registry.npmjs.org/express/-/express-4.22.2.tgz. Extracting by manifest.
1719 silly tarball no local data for object-assign@https://registry.npmjs.org/object-assign/-/object-assign-4.1.1.tgz. Extracting by manifest.
1720 silly tarball no local data for react@https://registry.npmjs.org/react/-/react-18.3.1.tgz. Extracting by manifest.
1721 silly tarball no local data for jsonwebtoken@https://registry.npmjs.org/jsonwebtoken/-/jsonwebtoken-9.0.3.tgz. Extracting by manifest.
1722 silly tarball no local data for react-dom@https://registry.npmjs.org/react-dom/-/react-dom-18.3.1.tgz. Extracting by manifest.
1723 silly tarball no local data for bcryptjs@https://registry.npmjs.org/bcryptjs/-/bcryptjs-2.4.3.tgz. Extracting by manifest.
1724 silly tarball no local data for lucide-react@https://registry.npmjs.org/lucide-react/-/lucide-react-0.468.0.tgz. Extracting by manifest.
1725 silly tarball no local data for vite@https://registry.npmjs.org/vite/-/vite-6.4.3.tgz. Extracting by manifest.
1726 silly tarball no local data for ansi-regex@https://registry.npmjs.org/ansi-regex/-/ansi-regex-5.0.1.tgz. Extracting by manifest.
1727 silly tarball no local data for emoji-regex@https://registry.npmjs.org/emoji-regex/-/emoji-regex-8.0.0.tgz. Extracting by manifest.
1728 silly tarball no local data for @vitejs/plugin-react@https://registry.npmjs.org/@vitejs/plugin-react/-/plugin-react-4.7.0.tgz. Extracting by manifest.
1729 silly tarball no local data for wrap-ansi@https://registry.npmjs.org/wrap-ansi/-/wrap-ansi-7.0.0.tgz. Extracting by manifest.
1730 silly tarball no local data for strip-ansi@https://registry.npmjs.org/strip-ansi/-/strip-ansi-6.0.1.tgz. Extracting by manifest.
1731 silly tarball no local data for is-fullwidth-code-point@https://registry.npmjs.org/is-fullwidth-code-point/-/is-fullwidth-code-point-3.0.0.tgz. Extracting by manifest.
1732 silly tarball no local data for y18n@https://registry.npmjs.org/y18n/-/y18n-5.0.8.tgz. Extracting by manifest.
1733 silly tarball no local data for yargs-parser@https://registry.npmjs.org/yargs-parser/-/yargs-parser-21.1.1.tgz. Extracting by manifest.
1734 silly tarball no local data for string-width@https://registry.npmjs.org/string-width/-/string-width-4.2.3.tgz. Extracting by manifest.
1735 silly tarball no local data for require-directory@https://registry.npmjs.org/require-directory/-/require-directory-2.1.1.tgz. Extracting by manifest.
1736 silly tarball no local data for get-caller-file@https://registry.npmjs.org/get-caller-file/-/get-caller-file-2.0.5.tgz. Extracting by manifest.
1737 silly tarball no local data for escalade@https://registry.npmjs.org/escalade/-/escalade-3.2.0.tgz. Extracting by manifest.
1738 silly tarball no local data for has-flag@https://registry.npmjs.org/has-flag/-/has-flag-4.0.0.tgz. Extracting by manifest.
1739 silly tarball no local data for tslib@https://registry.npmjs.org/tslib/-/tslib-2.8.1.tgz. Extracting by manifest.
1740 silly tarball no local data for cliui@https://registry.npmjs.org/cliui/-/cliui-8.0.1.tgz. Extracting by manifest.
1741 silly tarball no local data for color-convert@https://registry.npmjs.org/color-convert/-/color-convert-2.0.1.tgz. Extracting by manifest.
1742 silly tarball no local data for tree-kill@https://registry.npmjs.org/tree-kill/-/tree-kill-1.2.2.tgz. Extracting by manifest.
1743 silly tarball no local data for yargs@https://registry.npmjs.org/yargs/-/yargs-17.7.2.tgz. Extracting by manifest.
1744 silly tarball no local data for color-name@https://registry.npmjs.org/color-name/-/color-name-1.1.4.tgz. Extracting by manifest.
1745 silly tarball no local data for ansi-styles@https://registry.npmjs.org/ansi-styles/-/ansi-styles-4.3.0.tgz. Extracting by manifest.
1746 silly tarball no local data for supports-color@https://registry.npmjs.org/supports-color/-/supports-color-8.1.1.tgz. Extracting by manifest.
1747 silly tarball no local data for shell-quote@https://registry.npmjs.org/shell-quote/-/shell-quote-1.9.0.tgz. Extracting by manifest.
1748 silly tarball no local data for rxjs@https://registry.npmjs.org/rxjs/-/rxjs-7.8.2.tgz. Extracting by manifest.
1749 silly tarball no local data for chalk@https://registry.npmjs.org/chalk/-/chalk-4.1.2.tgz. Extracting by manifest.
1750 silly tarball no local data for debug@https://registry.npmjs.org/debug/-/debug-2.6.9.tgz. Extracting by manifest.
1751 silly tarball no local data for concurrently@https://registry.npmjs.org/concurrently/-/concurrently-9.2.4.tgz. Extracting by manifest.
1752 silly tarball no local data for ms@https://registry.npmjs.org/ms/-/ms-2.0.0.tgz. Extracting by manifest.
1753 silly tarball no local data for debug@https://registry.npmjs.org/debug/-/debug-2.6.9.tgz. Extracting by manifest.
1754 silly tarball no local data for ms@https://registry.npmjs.org/ms/-/ms-2.0.0.tgz. Extracting by manifest.
1755 silly tarball no local data for debug@https://registry.npmjs.org/debug/-/debug-2.6.9.tgz. Extracting by manifest.
1756 silly tarball no local data for semver@https://registry.npmjs.org/semver/-/semver-7.8.5.tgz. Extracting by manifest.
1757 silly tarball no local data for iconv-lite@https://registry.npmjs.org/iconv-lite/-/iconv-lite-0.7.3.tgz. Extracting by manifest.
1758 silly tarball no local data for ms@https://registry.npmjs.org/ms/-/ms-2.0.0.tgz. Extracting by manifest.
1759 silly tarball no local data for dotenv@https://registry.npmjs.org/dotenv/-/dotenv-16.6.1.tgz. Extracting by manifest.
1760 silly tarball no local data for supports-color@https://registry.npmjs.org/supports-color/-/supports-color-7.2.0.tgz. Extracting by manifest.
1761 silly tarball no local data for ms@https://registry.npmjs.org/ms/-/ms-2.0.0.tgz. Extracting by manifest.
1762 silly tarball no local data for debug@https://registry.npmjs.org/debug/-/debug-2.6.9.tgz. Extracting by manifest.
1763 http fetch POST 200 https://registry.npmjs.org/-/npm/v1/security/advisories/bulk 733ms
1764 silly audit report {}
1765 http fetch GET 200 https://registry.npmjs.org/tinyglobby/-/tinyglobby-0.2.17.tgz 567ms (cache miss)
1766 http fetch GET 200 https://registry.npmjs.org/hasown/-/hasown-2.0.4.tgz 568ms (cache miss)
1767 http fetch GET 200 https://registry.npmjs.org/get-proto/-/get-proto-1.0.1.tgz 571ms (cache miss)
1768 http fetch GET 200 https://registry.npmjs.org/dunder-proto/-/dunder-proto-1.0.1.tgz 577ms (cache miss)
1769 http fetch GET 200 https://registry.npmjs.org/@types/estree/-/estree-1.0.9.tgz 593ms (cache miss)
1770 http fetch GET 200 https://registry.npmjs.org/nanoid/-/nanoid-3.3.18.tgz 592ms (cache miss)
1771 http fetch GET 200 https://registry.npmjs.org/math-intrinsics/-/math-intrinsics-1.1.0.tgz 594ms (cache miss)
1772 http fetch GET 200 https://registry.npmjs.org/gopd/-/gopd-1.2.0.tgz 626ms (cache miss)
1773 http fetch GET 200 https://registry.npmjs.org/side-channel-weakmap/-/side-channel-weakmap-1.0.2.tgz 657ms (cache miss)
1774 http fetch GET 200 https://registry.npmjs.org/call-bind-apply-helpers/-/call-bind-apply-helpers-1.0.2.tgz 698ms (cache miss)
1775 http fetch GET 200 https://registry.npmjs.org/side-channel-list/-/side-channel-list-1.0.1.tgz 724ms (cache miss)
1776 http fetch GET 200 https://registry.npmjs.org/es-errors/-/es-errors-1.3.0.tgz 756ms (cache miss)
1777 http fetch GET 200 https://registry.npmjs.org/loose-envify/-/loose-envify-1.4.0.tgz 775ms (cache miss)
1778 http fetch GET 200 https://registry.npmjs.org/ipaddr.js/-/ipaddr.js-1.9.1.tgz 813ms (cache miss)
1779 http fetch GET 200 https://registry.npmjs.org/forwarded/-/forwarded-0.2.0.tgz 848ms (cache miss)
1780 http fetch GET 200 https://registry.npmjs.org/ee-first/-/ee-first-1.1.1.tgz 897ms (cache miss)
1781 http fetch GET 200 https://registry.npmjs.org/lru.min/-/lru.min-1.1.4.tgz 926ms (cache miss)
1782 http fetch GET 200 https://registry.npmjs.org/fdir/-/fdir-6.5.0.tgz 962ms (cache miss)
1783 http fetch GET 200 https://registry.npmjs.org/call-bound/-/call-bound-1.0.4.tgz 951ms (cache miss)
1784 http fetch GET 200 https://registry.npmjs.org/es-object-atoms/-/es-object-atoms-1.1.2.tgz 959ms (cache miss)
1785 http fetch GET 200 https://registry.npmjs.org/function-bind/-/function-bind-1.1.2.tgz 1053ms (cache miss)
1786 http fetch GET 200 https://registry.npmjs.org/buffer-equal-constant-time/-/buffer-equal-constant-time-1.0.1.tgz 1045ms (cache miss)
1787 http fetch GET 200 https://registry.npmjs.org/yallist/-/yallist-3.1.1.tgz 1068ms (cache miss)
1788 http fetch GET 200 https://registry.npmjs.org/ecdsa-sig-formatter/-/ecdsa-sig-formatter-1.0.11.tgz 1159ms (cache miss)
1789 http fetch GET 200 https://registry.npmjs.org/lodash.isplainobject/-/lodash.isplainobject-4.0.6.tgz 1169ms (cache miss)
1790 http fetch GET 200 https://registry.npmjs.org/lodash.isinteger/-/lodash.isinteger-4.0.4.tgz 1169ms (cache miss)
1791 http fetch GET 200 https://registry.npmjs.org/side-channel-map/-/side-channel-map-1.0.1.tgz 1222ms (cache miss)
1792 http fetch GET 200 https://registry.npmjs.org/jwa/-/jwa-2.0.1.tgz 1222ms (cache miss)
1793 http fetch GET 200 https://registry.npmjs.org/sql-escaper/-/sql-escaper-1.5.1.tgz 1261ms (cache miss)
1794 http fetch GET 200 https://registry.npmjs.org/lodash.isstring/-/lodash.isstring-4.0.1.tgz 1244ms (cache miss)
1795 http fetch GET 200 https://registry.npmjs.org/lodash.isboolean/-/lodash.isboolean-3.0.3.tgz 1245ms (cache miss)
1796 http fetch GET 200 https://registry.npmjs.org/lodash.isnumber/-/lodash.isnumber-3.0.3.tgz 1265ms (cache miss)
1797 http fetch GET 200 https://registry.npmjs.org/toidentifier/-/toidentifier-1.0.1.tgz 1266ms (cache miss)
1798 http fetch GET 200 https://registry.npmjs.org/es-define-property/-/es-define-property-1.0.1.tgz 1289ms (cache miss)
1799 http fetch GET 200 https://registry.npmjs.org/lodash.once/-/lodash.once-4.1.1.tgz 1291ms (cache miss)
1800 http fetch GET 200 https://registry.npmjs.org/lodash.includes/-/lodash.includes-4.3.0.tgz 1290ms (cache miss)
1801 http fetch GET 200 https://registry.npmjs.org/inherits/-/inherits-2.0.4.tgz 1330ms (cache miss)
1802 http fetch GET 200 https://registry.npmjs.org/mime-db/-/mime-db-1.52.0.tgz 1379ms (cache miss)
1803 http fetch GET 200 https://registry.npmjs.org/side-channel/-/side-channel-1.1.1.tgz 1392ms (cache miss)
1804 http fetch GET 200 https://registry.npmjs.org/generate-function/-/generate-function-2.3.1.tgz 1388ms (cache miss)
1805 http fetch GET 200 https://registry.npmjs.org/negotiator/-/negotiator-0.6.3.tgz 1440ms (cache miss)
1806 http fetch GET 200 https://registry.npmjs.org/destroy/-/destroy-1.2.0.tgz 1442ms (cache miss)
1807 http fetch GET 200 https://registry.npmjs.org/unpipe/-/unpipe-1.0.0.tgz 1492ms (cache miss)
1808 http fetch GET 200 https://registry.npmjs.org/esbuild/-/esbuild-0.25.12.tgz 1575ms (cache miss)
1809 http fetch GET 200 https://registry.npmjs.org/mime/-/mime-1.6.0.tgz 1556ms (cache miss)
1810 http fetch GET 200 https://registry.npmjs.org/statuses/-/statuses-2.0.2.tgz 1552ms (cache miss)
1811 http fetch GET 200 https://registry.npmjs.org/safer-buffer/-/safer-buffer-2.1.2.tgz 1588ms (cache miss)
1812 http fetch GET 200 https://registry.npmjs.org/utils-merge/-/utils-merge-1.0.1.tgz 1579ms (cache miss)
1813 http fetch GET 200 https://registry.npmjs.org/type-is/-/type-is-1.6.18.tgz 1579ms (cache miss)
1814 http fetch GET 200 https://registry.npmjs.org/setprototypeof/-/setprototypeof-1.2.0.tgz 1597ms (cache miss)
1815 http fetch GET 200 https://registry.npmjs.org/serve-static/-/serve-static-1.16.3.tgz 1677ms (cache miss)
1816 http fetch GET 200 https://registry.npmjs.org/safe-buffer/-/safe-buffer-5.2.1.tgz 1733ms (cache miss)
1817 http fetch GET 200 https://registry.npmjs.org/mime-types/-/mime-types-2.1.35.tgz 1761ms (cache miss)
1818 http fetch GET 200 https://registry.npmjs.org/methods/-/methods-1.1.2.tgz 1753ms (cache miss)
1819 http fetch GET 200 https://registry.npmjs.org/merge-descriptors/-/merge-descriptors-1.0.3.tgz 1753ms (cache miss)
1820 http fetch GET 200 https://registry.npmjs.org/on-finished/-/on-finished-2.4.1.tgz 1756ms (cache miss)
1821 http fetch GET 200 https://registry.npmjs.org/path-to-regexp/-/path-to-regexp-0.1.13.tgz 1756ms (cache miss)
1822 http fetch GET 200 https://registry.npmjs.org/media-typer/-/media-typer-0.3.0.tgz 1850ms (cache miss)
1823 http fetch GET 200 https://registry.npmjs.org/proxy-addr/-/proxy-addr-2.0.7.tgz 1792ms (cache miss)
1824 http fetch GET 200 https://registry.npmjs.org/picomatch/-/picomatch-4.0.7.tgz 1893ms (cache miss)
1825 http fetch GET 200 https://registry.npmjs.org/range-parser/-/range-parser-1.2.1.tgz 1834ms (cache miss)
1826 http fetch GET 200 https://registry.npmjs.org/raw-body/-/raw-body-2.5.3.tgz 1889ms (cache miss)
1827 http fetch GET 200 https://registry.npmjs.org/cookie-signature/-/cookie-signature-1.0.7.tgz 1910ms (cache miss)
1828 http fetch GET 200 https://registry.npmjs.org/encodeurl/-/encodeurl-2.0.0.tgz 1911ms (cache miss)
1829 http fetch GET 200 https://registry.npmjs.org/jws/-/jws-4.0.1.tgz 1970ms (cache miss)
1830 http fetch GET 200 https://registry.npmjs.org/http-errors/-/http-errors-2.0.1.tgz 1945ms (cache miss)
1831 http fetch GET 200 https://registry.npmjs.org/is-property/-/is-property-1.0.2.tgz 1992ms (cache miss)
1832 http fetch GET 200 https://registry.npmjs.org/content-type/-/content-type-1.0.5.tgz 1944ms (cache miss)
1833 http fetch GET 200 https://registry.npmjs.org/send/-/send-0.19.2.tgz 1986ms (cache miss)
1834 http fetch GET 200 https://registry.npmjs.org/parseurl/-/parseurl-1.3.3.tgz 1986ms (cache miss)
1835 http fetch GET 200 https://registry.npmjs.org/escape-html/-/escape-html-1.0.3.tgz 1982ms (cache miss)
1836 http fetch GET 200 https://registry.npmjs.org/source-map-js/-/source-map-js-1.2.1.tgz 2081ms (cache miss)
1837 http fetch GET 200 https://registry.npmjs.org/finalhandler/-/finalhandler-1.3.2.tgz 2004ms (cache miss)
1838 http fetch GET 200 https://registry.npmjs.org/fresh/-/fresh-0.5.2.tgz 2035ms (cache miss)
1839 http fetch GET 200 https://registry.npmjs.org/etag/-/etag-1.8.1.tgz 2034ms (cache miss)
1840 http fetch GET 200 https://registry.npmjs.org/accepts/-/accepts-1.3.8.tgz 2028ms (cache miss)
1841 http fetch GET 200 https://registry.npmjs.org/update-browserslist-db/-/update-browserslist-db-1.3.2.tgz 2026ms (cache miss)
1842 http fetch GET 200 https://registry.npmjs.org/@types/babel__template/-/babel__template-7.4.4.tgz 2056ms (cache miss)
1843 http fetch GET 200 https://registry.npmjs.org/bytes/-/bytes-3.1.2.tgz 2118ms (cache miss)
1844 http fetch GET 200 https://registry.npmjs.org/cookie/-/cookie-0.7.2.tgz 2215ms (cache miss)
1845 http fetch GET 200 https://registry.npmjs.org/vary/-/vary-1.1.2.tgz 2209ms (cache miss)
1846 http fetch GET 200 https://registry.npmjs.org/named-placeholders/-/named-placeholders-1.1.6.tgz 2265ms (cache miss)
1847 http fetch GET 200 https://registry.npmjs.org/node-releases/-/node-releases-2.0.54.tgz 2209ms (cache miss)
1848 http fetch GET 200 https://registry.npmjs.org/array-flatten/-/array-flatten-1.1.1.tgz 2234ms (cache miss)
1849 http fetch GET 200 https://registry.npmjs.org/@types/babel__generator/-/babel__generator-7.27.0.tgz 2239ms (cache miss)
1850 http fetch GET 200 https://registry.npmjs.org/lru-cache/-/lru-cache-5.1.1.tgz 2250ms (cache miss)
1851 http fetch GET 200 https://registry.npmjs.org/scheduler/-/scheduler-0.23.2.tgz 2353ms (cache miss)
1852 http fetch GET 200 https://registry.npmjs.org/get-intrinsic/-/get-intrinsic-1.3.0.tgz 2363ms (cache miss)
1853 http fetch GET 200 https://registry.npmjs.org/@babel/helper-module-imports/-/helper-module-imports-7.29.7.tgz 2283ms (cache miss)
1854 http fetch GET 200 https://registry.npmjs.org/@babel/helper-plugin-utils/-/helper-plugin-utils-7.29.7.tgz 2287ms (cache miss)
1855 http fetch GET 200 https://registry.npmjs.org/@babel/compat-data/-/compat-data-7.29.7.tgz 2285ms (cache miss)
1856 http fetch GET 200 https://registry.npmjs.org/gensync/-/gensync-1.0.0-beta.2.tgz 2302ms (cache miss)
1857 http fetch GET 200 https://registry.npmjs.org/content-disposition/-/content-disposition-0.5.4.tgz 2344ms (cache miss)
1858 http fetch GET 200 https://registry.npmjs.org/depd/-/depd-2.0.0.tgz 2351ms (cache miss)
1859 http fetch GET 200 https://registry.npmjs.org/convert-source-map/-/convert-source-map-2.0.0.tgz 2335ms (cache miss)
1860 http fetch GET 200 https://registry.npmjs.org/@types/babel__traverse/-/babel__traverse-7.28.0.tgz 2381ms (cache miss)
1861 http fetch GET 200 https://registry.npmjs.org/@babel/helper-string-parser/-/helper-string-parser-7.29.7.tgz 2380ms (cache miss)
1862 http fetch GET 200 https://registry.npmjs.org/ms/-/ms-2.1.3.tgz 2400ms (cache miss)
1863 http fetch GET 200 https://registry.npmjs.org/@babel/plugin-transform-react-jsx-source/-/plugin-transform-react-jsx-source-7.29.7.tgz 2376ms (cache miss)
1864 http fetch GET 200 https://registry.npmjs.org/js-tokens/-/js-tokens-4.0.0.tgz 2402ms (cache miss)
1865 http fetch GET 200 https://registry.npmjs.org/jsesc/-/jsesc-3.1.0.tgz 2476ms (cache miss)
1866 http fetch GET 200 https://registry.npmjs.org/@babel/helper-globals/-/helper-globals-7.29.7.tgz 2481ms (cache miss)
1867 http fetch GET 200 https://registry.npmjs.org/cors/-/cors-2.8.6.tgz 2448ms (cache miss)
1868 http fetch GET 200 https://registry.npmjs.org/@babel/helper-compilation-targets/-/helper-compilation-targets-7.29.7.tgz 2461ms (cache miss)
1869 http fetch GET 200 https://registry.npmjs.org/@babel/helper-validator-option/-/helper-validator-option-7.29.7.tgz 2483ms (cache miss)
1870 http fetch GET 200 https://registry.npmjs.org/picocolors/-/picocolors-1.1.1.tgz 2489ms (cache miss)
1871 http fetch GET 200 https://registry.npmjs.org/y18n/-/y18n-5.0.8.tgz 2441ms (cache miss)
1872 http fetch GET 200 https://registry.npmjs.org/@types/babel__core/-/babel__core-7.20.5.tgz 2472ms (cache miss)
1873 http fetch GET 200 https://registry.npmjs.org/object-assign/-/object-assign-4.1.1.tgz 2465ms (cache miss)
1874 http fetch GET 200 https://registry.npmjs.org/@babel/code-frame/-/code-frame-7.29.7.tgz 2505ms (cache miss)
1875 http fetch GET 200 https://registry.npmjs.org/semver/-/semver-6.3.1.tgz 2586ms (cache miss)
1876 http fetch GET 200 https://registry.npmjs.org/@babel/plugin-transform-react-jsx-self/-/plugin-transform-react-jsx-self-7.29.7.tgz 2567ms (cache miss)
1877 http fetch GET 200 https://registry.npmjs.org/string-width/-/string-width-4.2.3.tgz 2541ms (cache miss)
1878 http fetch GET 200 https://registry.npmjs.org/get-caller-file/-/get-caller-file-2.0.5.tgz 2590ms (cache miss)
1879 http fetch GET 200 https://registry.npmjs.org/aws-ssl-profiles/-/aws-ssl-profiles-1.1.2.tgz 2758ms (cache miss)
1880 http fetch GET 200 https://registry.npmjs.org/debug/-/debug-4.4.3.tgz 2741ms (cache miss)
1881 http fetch GET 200 https://registry.npmjs.org/is-fullwidth-code-point/-/is-fullwidth-code-point-3.0.0.tgz 2709ms (cache miss)
1882 http fetch GET 200 https://registry.npmjs.org/has-flag/-/has-flag-4.0.0.tgz 2710ms (cache miss)
1883 http fetch GET 200 https://registry.npmjs.org/@rolldown/pluginutils/-/pluginutils-1.0.0-beta.27.tgz 2747ms (cache miss)
1884 http fetch GET 200 https://registry.npmjs.org/escalade/-/escalade-3.2.0.tgz 2730ms (cache miss)
1885 http fetch GET 200 https://registry.npmjs.org/wrap-ansi/-/wrap-ansi-7.0.0.tgz 2752ms (cache miss)
1886 http fetch GET 200 https://registry.npmjs.org/@jridgewell/resolve-uri/-/resolve-uri-3.1.2.tgz 2827ms (cache miss)
1887 http fetch GET 200 https://registry.npmjs.org/cliui/-/cliui-8.0.1.tgz 2768ms (cache miss)
1888 http fetch GET 200 https://registry.npmjs.org/ansi-regex/-/ansi-regex-5.0.1.tgz 2814ms (cache miss)
1889 http fetch GET 200 https://registry.npmjs.org/strip-ansi/-/strip-ansi-6.0.1.tgz 2810ms (cache miss)
1890 http fetch GET 200 https://registry.npmjs.org/browserslist/-/browserslist-4.28.8.tgz 2882ms (cache miss)
1891 http fetch GET 200 https://registry.npmjs.org/color-name/-/color-name-1.1.4.tgz 2819ms (cache miss)
1892 http fetch GET 200 https://registry.npmjs.org/require-directory/-/require-directory-2.1.1.tgz 2834ms (cache miss)
1893 http fetch GET 200 https://registry.npmjs.org/ansi-styles/-/ansi-styles-4.3.0.tgz 2830ms (cache miss)
1894 http fetch GET 200 https://registry.npmjs.org/supports-color/-/supports-color-8.1.1.tgz 2829ms (cache miss)
1895 http fetch GET 200 https://registry.npmjs.org/tree-kill/-/tree-kill-1.2.2.tgz 2844ms (cache miss)
1896 http fetch GET 200 https://registry.npmjs.org/shell-quote/-/shell-quote-1.9.0.tgz 2842ms (cache miss)
1897 http fetch GET 200 https://registry.npmjs.org/@babel/helper-validator-identifier/-/helper-validator-identifier-7.29.7.tgz 2914ms (cache miss)
1898 http fetch GET 200 https://registry.npmjs.org/long/-/long-5.3.2.tgz 3026ms (cache miss)
1899 http fetch GET 200 https://registry.npmjs.org/react-refresh/-/react-refresh-0.17.0.tgz 2940ms (cache miss)
1900 http fetch GET 200 https://registry.npmjs.org/ms/-/ms-2.0.0.tgz 2931ms (cache miss)
1901 http fetch GET 200 https://registry.npmjs.org/electron-to-chromium/-/electron-to-chromium-1.5.416.tgz 3059ms (cache miss)
1902 http fetch GET 200 https://registry.npmjs.org/color-convert/-/color-convert-2.0.1.tgz 2997ms (cache miss)
1903 http fetch GET 200 https://registry.npmjs.org/body-parser/-/body-parser-1.20.6.tgz 3125ms (cache miss)
1904 http fetch GET 200 https://registry.npmjs.org/has-symbols/-/has-symbols-1.1.0.tgz 3242ms (cache miss)
1905 http fetch GET 200 https://registry.npmjs.org/@vitejs/plugin-react/-/plugin-react-4.7.0.tgz 3105ms (cache miss)
1906 http fetch GET 200 https://registry.npmjs.org/emoji-regex/-/emoji-regex-8.0.0.tgz 3120ms (cache miss)
1907 http fetch GET 200 https://registry.npmjs.org/baseline-browser-mapping/-/baseline-browser-mapping-2.11.20.tgz 3189ms (cache miss)
1908 http fetch GET 200 https://registry.npmjs.org/chalk/-/chalk-4.1.2.tgz 3127ms (cache miss)
1909 http fetch GET 200 https://registry.npmjs.org/ms/-/ms-2.0.0.tgz 3156ms (cache miss)
1910 http fetch GET 200 https://registry.npmjs.org/ms/-/ms-2.0.0.tgz 3151ms (cache miss)
1911 http fetch GET 200 https://registry.npmjs.org/ms/-/ms-2.0.0.tgz 3104ms (cache miss)
1912 http fetch GET 200 https://registry.npmjs.org/yargs-parser/-/yargs-parser-21.1.1.tgz 3302ms (cache miss)
1913 http fetch GET 200 https://registry.npmjs.org/supports-color/-/supports-color-7.2.0.tgz 3272ms (cache miss)
1914 http fetch GET 200 https://registry.npmjs.org/jsonwebtoken/-/jsonwebtoken-9.0.3.tgz 3374ms (cache miss)
1915 http fetch GET 200 https://registry.npmjs.org/tslib/-/tslib-2.8.1.tgz 3382ms (cache miss)
1916 http fetch GET 200 https://registry.npmjs.org/qs/-/qs-6.15.3.tgz 3613ms (cache miss)
1917 http fetch GET 200 https://registry.npmjs.org/object-inspect/-/object-inspect-1.13.4.tgz 3673ms (cache miss)
1918 http fetch GET 200 https://registry.npmjs.org/@babel/helper-module-transforms/-/helper-module-transforms-7.29.7.tgz 3619ms (cache miss)
1919 http fetch GET 200 https://registry.npmjs.org/@babel/template/-/template-7.29.7.tgz 3646ms (cache miss)
1920 http fetch GET 200 https://registry.npmjs.org/@rollup/rollup-win32-x64-msvc/-/rollup-win32-x64-msvc-4.63.1.tgz 3781ms (cache miss)
1921 http fetch GET 200 https://registry.npmjs.org/debug/-/debug-2.6.9.tgz 3615ms (cache miss)
1922 http fetch GET 200 https://registry.npmjs.org/json5/-/json5-2.2.3.tgz 3743ms (cache miss)
1923 http fetch GET 200 https://registry.npmjs.org/debug/-/debug-2.6.9.tgz 3707ms (cache miss)
1924 http fetch GET 200 https://registry.npmjs.org/express/-/express-4.22.2.tgz 3759ms (cache miss)
1925 http fetch GET 200 https://registry.npmjs.org/react/-/react-18.3.1.tgz 3773ms (cache miss)
1926 http fetch GET 200 https://registry.npmjs.org/debug/-/debug-2.6.9.tgz 3812ms (cache miss)
1927 http fetch GET 200 https://registry.npmjs.org/@rollup/rollup-win32-x64-gnu/-/rollup-win32-x64-gnu-4.63.1.tgz 4044ms (cache miss)
1928 http fetch GET 200 https://registry.npmjs.org/dotenv/-/dotenv-16.6.1.tgz 3881ms (cache miss)
1929 http fetch GET 200 https://registry.npmjs.org/iconv-lite/-/iconv-lite-0.4.24.tgz 4048ms (cache miss)
1930 http fetch GET 200 https://registry.npmjs.org/@babel/parser/-/parser-7.29.8.tgz 4006ms (cache miss)
1931 http fetch GET 200 https://registry.npmjs.org/debug/-/debug-2.6.9.tgz 3954ms (cache miss)
1932 http fetch GET 200 https://registry.npmjs.org/@jridgewell/sourcemap-codec/-/sourcemap-codec-1.6.0.tgz 4069ms (cache miss)
1933 http fetch GET 200 https://registry.npmjs.org/@jridgewell/gen-mapping/-/gen-mapping-0.3.13.tgz 4076ms (cache miss)
1934 http fetch GET 200 https://registry.npmjs.org/bcryptjs/-/bcryptjs-2.4.3.tgz 4068ms (cache miss)
1935 http fetch GET 200 https://registry.npmjs.org/@jridgewell/remapping/-/remapping-2.3.5.tgz 4101ms (cache miss)
1936 http fetch GET 200 https://registry.npmjs.org/undici-types/-/undici-types-8.3.0.tgz 4134ms (cache miss)
1937 http fetch GET 200 https://registry.npmjs.org/iconv-lite/-/iconv-lite-0.7.3.tgz 4183ms (cache miss)
1938 http fetch GET 200 https://registry.npmjs.org/postcss/-/postcss-8.5.26.tgz 4447ms (cache miss)
1939 http fetch GET 200 https://registry.npmjs.org/@jridgewell/trace-mapping/-/trace-mapping-0.3.31.tgz 4506ms (cache miss)
1940 http fetch GET 200 https://registry.npmjs.org/semver/-/semver-7.8.5.tgz 4505ms (cache miss)
1941 http fetch GET 200 https://registry.npmjs.org/rollup/-/rollup-4.63.1.tgz 4695ms (cache miss)
1942 http fetch GET 200 https://registry.npmjs.org/@babel/generator/-/generator-7.29.8.tgz 4639ms (cache miss)
1943 http fetch GET 200 https://registry.npmjs.org/vite/-/vite-6.4.3.tgz 4721ms (cache miss)
1944 http fetch GET 200 https://registry.npmjs.org/yargs/-/yargs-17.7.2.tgz 4802ms (cache miss)
1945 http fetch GET 200 https://registry.npmjs.org/react-dom/-/react-dom-18.3.1.tgz 4875ms (cache miss)
1946 http fetch GET 200 https://registry.npmjs.org/express-validator/-/express-validator-7.3.2.tgz 4957ms (cache miss)
1947 http fetch GET 200 https://registry.npmjs.org/@babel/traverse/-/traverse-7.29.8.tgz 5109ms (cache miss)
1948 http fetch GET 200 https://registry.npmjs.org/@types/node/-/node-26.4.0.tgz 5160ms (cache miss)
1949 http fetch GET 200 https://registry.npmjs.org/@esbuild/win32-x64/-/win32-x64-0.25.12.tgz 5295ms (cache miss)
1950 http fetch GET 200 https://registry.npmjs.org/concurrently/-/concurrently-9.2.4.tgz 5320ms (cache miss)
1951 http fetch GET 200 https://registry.npmjs.org/@babel/core/-/core-7.29.7.tgz 5735ms (cache miss)
1952 http fetch GET 200 https://registry.npmjs.org/mysql2/-/mysql2-3.24.2.tgz 5811ms (cache miss)
1953 http fetch GET 200 https://registry.npmjs.org/@babel/types/-/types-7.29.8.tgz 6214ms (cache miss)
1954 http fetch GET 200 https://registry.npmjs.org/validator/-/validator-13.15.35.tgz 6307ms (cache miss)
1955 http fetch GET 200 https://registry.npmjs.org/@babel/helpers/-/helpers-7.29.7.tgz 6487ms (cache miss)
1956 http fetch GET 200 https://registry.npmjs.org/lodash/-/lodash-4.18.1.tgz 8573ms (cache miss)
1957 http fetch GET 200 https://registry.npmjs.org/caniuse-lite/-/caniuse-lite-1.0.30001810.tgz 9219ms (cache miss)
1958 http fetch GET 200 https://registry.npmjs.org/rxjs/-/rxjs-7.8.2.tgz 17863ms (cache miss)
1959 http fetch GET 200 https://registry.npmjs.org/lucide-react/-/lucide-react-0.468.0.tgz 22641ms (cache miss)
1960 info run esbuild@0.25.12 postinstall node_modules/esbuild node install.js
1961 info run esbuild@0.25.12 postinstall { code: 0, signal: null }
1962 silly ADD node_modules/@types/estree
1963 silly ADD node_modules/@rollup/rollup-win32-x64-msvc
1964 silly ADD node_modules/@rollup/rollup-win32-x64-gnu
1965 silly ADD node_modules/source-map-js
1966 silly ADD node_modules/nanoid
1967 silly ADD node_modules/@esbuild/win32-x64
1968 silly ADD node_modules/tinyglobby
1969 silly ADD node_modules/rollup
1970 silly ADD node_modules/postcss
1971 silly ADD node_modules/picomatch
1972 silly ADD node_modules/fdir
1973 silly ADD node_modules/esbuild
1974 silly ADD node_modules/media-typer
1975 silly ADD node_modules/dunder-proto
1976 silly ADD node_modules/math-intrinsics
1977 silly ADD node_modules/hasown
1978 silly ADD node_modules/has-symbols
1979 silly ADD node_modules/gopd
1980 silly ADD node_modules/get-proto
1981 silly ADD node_modules/es-object-atoms
1982 silly ADD node_modules/function-bind
1983 silly ADD node_modules/call-bind-apply-helpers
1984 silly ADD node_modules/get-intrinsic
1985 silly ADD node_modules/call-bound
1986 silly ADD node_modules/side-channel-weakmap
1987 silly ADD node_modules/side-channel-map
1988 silly ADD node_modules/side-channel-list
1989 silly ADD node_modules/object-inspect
1990 silly ADD node_modules/es-errors
1991 silly ADD node_modules/mime
1992 silly ADD node_modules/scheduler
1993 silly ADD node_modules/loose-envify
1994 silly ADD node_modules/side-channel
1995 silly ADD node_modules/es-define-property
1996 silly ADD node_modules/ipaddr.js
1997 silly ADD node_modules/forwarded
1998 silly ADD node_modules/ee-first
1999 silly ADD node_modules/is-property
2000 silly ADD node_modules/sql-escaper
2001 silly ADD node_modules/named-placeholders
2002 silly ADD node_modules/lru.min
2003 silly ADD node_modules/long
2004 silly ADD node_modules/generate-function
2005 silly ADD node_modules/aws-ssl-profiles
2006 silly ADD node_modules/mime-db
2007 silly ADD node_modules/yallist
2008 silly ADD node_modules/ecdsa-sig-formatter
2009 silly ADD node_modules/buffer-equal-constant-time
2010 silly ADD node_modules/jwa
2011 silly ADD node_modules/lodash.once
2012 silly ADD node_modules/lodash.isstring
2013 silly ADD node_modules/lodash.isplainobject
2014 silly ADD node_modules/lodash.isnumber
2015 silly ADD node_modules/lodash.isinteger
2016 silly ADD node_modules/lodash.isboolean
2017 silly ADD node_modules/lodash.includes
2018 silly ADD node_modules/jws
2019 silly ADD node_modules/safer-buffer
2020 silly ADD node_modules/toidentifier
2021 silly ADD node_modules/inherits
2022 silly ADD node_modules/validator
2023 silly ADD node_modules/lodash
2024 silly ADD node_modules/unpipe
2025 silly ADD node_modules/raw-body
2026 silly ADD node_modules/iconv-lite
2027 silly ADD node_modules/destroy
2028 silly ADD node_modules/bytes
2029 silly ADD node_modules/negotiator
2030 silly ADD node_modules/mime-types
2031 silly ADD node_modules/utils-merge
2032 silly ADD node_modules/type-is
2033 silly ADD node_modules/statuses
2034 silly ADD node_modules/setprototypeof
2035 silly ADD node_modules/serve-static
2036 silly ADD node_modules/send
2037 silly ADD node_modules/send/node_modules/debug
2038 silly ADD node_modules/send/node_modules/debug/node_modules/ms
2039 silly ADD node_modules/safe-buffer
2040 silly ADD node_modules/range-parser
2041 silly ADD node_modules/qs
2042 silly ADD node_modules/proxy-addr
2043 silly ADD node_modules/path-to-regexp
2044 silly ADD node_modules/parseurl
2045 silly ADD node_modules/on-finished
2046 silly ADD node_modules/methods
2047 silly ADD node_modules/merge-descriptors
2048 silly ADD node_modules/http-errors
2049 silly ADD node_modules/fresh
2050 silly ADD node_modules/finalhandler
2051 silly ADD node_modules/finalhandler/node_modules/ms
2052 silly ADD node_modules/finalhandler/node_modules/debug
2053 silly ADD node_modules/etag
2054 silly ADD node_modules/escape-html
2055 silly ADD node_modules/encodeurl
2056 silly ADD node_modules/depd
2057 silly ADD node_modules/cookie-signature
2058 silly ADD node_modules/cookie
2059 silly ADD node_modules/content-type
2060 silly ADD node_modules/content-disposition
2061 silly ADD node_modules/body-parser
2062 silly ADD node_modules/body-parser/node_modules/ms
2063 silly ADD node_modules/body-parser/node_modules/debug
2064 silly ADD node_modules/array-flatten
2065 silly ADD node_modules/accepts
2066 silly ADD node_modules/ms
2067 silly ADD node_modules/vary
2068 silly ADD node_modules/object-assign
2069 silly ADD node_modules/update-browserslist-db
2070 silly ADD node_modules/node-releases
2071 silly ADD node_modules/electron-to-chromium
2072 silly ADD node_modules/caniuse-lite
2073 silly ADD node_modules/baseline-browser-mapping
2074 silly ADD node_modules/@types/babel__traverse
2075 silly ADD node_modules/@types/babel__template
2076 silly ADD node_modules/@types/babel__generator
2077 silly ADD node_modules/@jridgewell/resolve-uri
2078 silly ADD node_modules/@jridgewell/sourcemap-codec
2079 silly ADD node_modules/@babel/helper-string-parser
2080 silly ADD node_modules/@babel/helper-globals
2081 silly ADD node_modules/@babel/helper-plugin-utils
2082 silly ADD node_modules/@babel/helper-module-imports
2083 silly ADD node_modules/lru-cache
2084 silly ADD node_modules/browserslist
2085 silly ADD node_modules/@babel/helper-validator-option
2086 silly ADD node_modules/@babel/compat-data
2087 silly ADD node_modules/jsesc
2088 silly ADD node_modules/@jridgewell/trace-mapping
2089 silly ADD node_modules/@jridgewell/gen-mapping
2090 silly ADD node_modules/picocolors
2091 silly ADD node_modules/js-tokens
2092 silly ADD node_modules/@babel/helper-validator-identifier
2093 silly ADD node_modules/semver
2094 silly ADD node_modules/json5
2095 silly ADD node_modules/gensync
2096 silly ADD node_modules/debug
2097 silly ADD node_modules/convert-source-map
2098 silly ADD node_modules/@jridgewell/remapping
2099 silly ADD node_modules/@babel/types
2100 silly ADD node_modules/@babel/traverse
2101 silly ADD node_modules/@babel/template
2102 silly ADD node_modules/@babel/parser
2103 silly ADD node_modules/@babel/helpers
2104 silly ADD node_modules/@babel/helper-module-transforms
2105 silly ADD node_modules/@babel/helper-compilation-targets
2106 silly ADD node_modules/@babel/generator
2107 silly ADD node_modules/@babel/code-frame
2108 silly ADD node_modules/react-refresh
2109 silly ADD node_modules/@types/babel__core
2110 silly ADD node_modules/@rolldown/pluginutils
2111 silly ADD node_modules/@babel/plugin-transform-react-jsx-source
2112 silly ADD node_modules/@babel/plugin-transform-react-jsx-self
2113 silly ADD node_modules/@babel/core
2114 silly ADD node_modules/undici-types
2115 silly ADD node_modules/@types/node
2116 silly ADD node_modules/mysql2
2117 silly ADD node_modules/mysql2/node_modules/iconv-lite
2118 silly ADD node_modules/jsonwebtoken
2119 silly ADD node_modules/jsonwebtoken/node_modules/semver
2120 silly ADD node_modules/express-validator
2121 silly ADD node_modules/express
2122 silly ADD node_modules/express/node_modules/ms
2123 silly ADD node_modules/express/node_modules/debug
2124 silly ADD node_modules/dotenv
2125 silly ADD node_modules/cors
2126 silly ADD node_modules/bcryptjs
2127 silly ADD node_modules/react-dom
2128 silly ADD node_modules/react
2129 silly ADD node_modules/lucide-react
2130 silly ADD node_modules/vite
2131 silly ADD node_modules/@vitejs/plugin-react
2132 silly ADD node_modules/ansi-regex
2133 silly ADD node_modules/is-fullwidth-code-point
2134 silly ADD node_modules/emoji-regex
2135 silly ADD node_modules/wrap-ansi
2136 silly ADD node_modules/strip-ansi
2137 silly ADD node_modules/yargs-parser
2138 silly ADD node_modules/y18n
2139 silly ADD node_modules/string-width
2140 silly ADD node_modules/require-directory
2141 silly ADD node_modules/get-caller-file
2142 silly ADD node_modules/escalade
2143 silly ADD node_modules/cliui
2144 silly ADD node_modules/has-flag
2145 silly ADD node_modules/tslib
2146 silly ADD node_modules/color-name
2147 silly ADD node_modules/color-convert
2148 silly ADD node_modules/ansi-styles
2149 silly ADD node_modules/yargs
2150 silly ADD node_modules/tree-kill
2151 silly ADD node_modules/supports-color
2152 silly ADD node_modules/shell-quote
2153 silly ADD node_modules/rxjs
2154 silly ADD node_modules/chalk
2155 silly ADD node_modules/chalk/node_modules/supports-color
2156 silly ADD node_modules/storescore-client
2157 silly ADD node_modules/storescore-api
2158 silly ADD node_modules/concurrently
2159 warn install-scripts 1 package has install scripts not yet covered by allowScripts:
2159 warn install-scripts   esbuild@0.25.12 (postinstall: node install.js)
2159 warn install-scripts
2159 warn install-scripts Run `npm install-scripts ls` to review, or `npm install-scripts approve <pkg>` to allow.
2160 verbose cwd C:\Users\ERONIX\Documents\Codex\2026-08-28\build-x20
2161 verbose os Windows_NT 10.0.26200
2162 verbose node v24.20.0
2163 verbose npm  v11.19.0
2164 notice
2164 notice New major version of npm available! 11.19.0 -> 12.0.2
2164 notice Changelog: https://github.com/npm/cli/releases/tag/v12.0.2
2164 notice To update run: npm install -g npm@12.0.2
2164 notice  { force: true, Symbol(proc-log.meta): true }
2165 verbose exit 0
2166 info ok
